{
	"format_version": "1.21.6",
	"credit": "Made with Blockbench",
	"ambientocclusion": false,
	"texture_size": [64, 64],
	"textures": {
		"0": "cla:item/deco/chair",
		"particle": "cla:item/deco/chair"
	},
	"elements": [
		{
			"from": [3, 0, 3],
			"to": [13, 1, 13],
			"rotation": {"angle": 0, "axis": "y", "origin": [7, 0, 7]},
			"faces": {
				"north": {"uv": [9, 7.75, 11.5, 8], "texture": "#0"},
				"east": {"uv": [9, 8, 11.5, 8.25], "texture": "#0"},
				"south": {"uv": [9, 8.25, 11.5, 8.5], "texture": "#0"},
				"west": {"uv": [9, 8.5, 11.5, 8.75], "texture": "#0"},
				"up": {"uv": [6, 6, 3.5, 3.5], "texture": "#0"},
				"down": {"uv": [6, 6, 3.5, 8.5], "texture": "#0"}
			}
		},
		{
			"from": [6, 1, 6],
			"to": [10, 15, 10],
			"rotation": {"angle": 0, "axis": "y", "origin": [7, 1, 7]},
			"faces": {
				"north": {"uv": [6, 7.25, 7, 10.75], "texture": "#0"},
				"east": {"uv": [7, 7.25, 8, 10.75], "texture": "#0"},
				"south": {"uv": [7.5, 0, 8.5, 3.5], "texture": "#0"},
				"west": {"uv": [8, 7.25, 9, 10.75], "texture": "#0"},
				"up": {"uv": [9.5, 2, 8.5, 1], "texture": "#0"},
				"down": {"uv": [9.5, 2, 8.5, 3], "texture": "#0"}
			}
		},
		{
			"from": [1, 15, 1],
			"to": [15, 20, 15],
			"rotation": {"angle": 0, "axis": "y", "origin": [7, 16, 7]},
			"faces": {
				"north": {"uv": [6, 3.5, 9.5, 4.75], "texture": "#0"},
				"east": {"uv": [6, 4.75, 9.5, 6], "texture": "#0"},
				"south": {"uv": [6, 6, 9.5, 7.25], "texture": "#0"},
				"west": {"uv": [0, 7, 3.5, 8.25], "texture": "#0"},
				"up": {"uv": [3.5, 3.5, 0, 0], "texture": "#0"},
				"down": {"uv": [3.5, 3.5, 0, 7], "texture": "#0"}
			}
		},
		{
			"from": [0, 24, 15],
			"to": [16, 31, 17],
			"rotation": {"angle": 0, "axis": "y", "origin": [7, 23, 21]},
			"faces": {
				"north": {"uv": [3.5, 0, 7.5, 1.75], "texture": "#0"},
				"east": {"uv": [3, 8.25, 3.5, 10], "texture": "#0"},
				"south": {"uv": [3.5, 1.75, 7.5, 3.5], "texture": "#0"},
				"west": {"uv": [3.5, 8.5, 4, 10.25], "texture": "#0"},
				"up": {"uv": [12.5, 0.5, 8.5, 0], "texture": "#0"},
				"down": {"uv": [12.5, 0.5, 8.5, 1], "texture": "#0"}
			}
		},
		{
			"from": [5, 17, 15],
			"to": [11, 24, 17],
			"rotation": {"angle": 0, "axis": "y", "origin": [7, 16, 21]},
			"faces": {
				"north": {"uv": [0, 8.25, 1.5, 10], "texture": "#0"},
				"east": {"uv": [4, 8.5, 4.5, 10.25], "texture": "#0"},
				"south": {"uv": [1.5, 8.25, 3, 10], "texture": "#0"},
				"west": {"uv": [4.5, 8.5, 5, 10.25], "texture": "#0"},
				"up": {"uv": [10, 3.5, 8.5, 3], "texture": "#0"},
				"down": {"uv": [10.5, 7.25, 9, 7.75], "texture": "#0"}
			}
		}
	]
}