{
	"format_version": "1.21.11",
	"credit": "Made with Blockbench",
	"texture_size": [1000, 320],
	"textures": {
		"4": "cla:item/deco/legitiawards"
	},
	"elements": [
		{
			"from": [26.81, 0.4393, 6.68],
			"to": [29.69, 5.2393, 9.32],
			"rotation": {"angle": 0, "axis": "y", "origin": [8.33, 0.1993, 8]},
			"faces": {
				"north": {"uv": [5.504, 1.1, 5.888, 3.1], "texture": "#4"},
				"south": {"uv": [5.888, 1.1, 5.504, 3.1], "texture": "#4"},
				"up": {"uv": [5.888, 1.1, 5.504, 0], "texture": "#4"},
				"down": {"uv": [5.888, 4.2, 5.504, 3.1], "texture": "#4"}
			}
		},
		{
			"from": [26.57, 1.6393, 6.44],
			"to": [28.01, 5.4793, 9.56],
			"rotation": {"angle": 0, "axis": "y", "origin": [8.33, 0.1993, 8]},
			"faces": {
				"east": {"uv": [0, 13.3, 0.016, 13.35], "texture": "#4"},
				"down": {"uv": [0, 13.3, 0.016, 13.35], "texture": "#4"}
			}
		},
		{
			"from": [29.93, 5.4793, 9.56],
			"to": [26.57, 0.1993, 6.44],
			"rotation": {"angle": 0, "axis": "y", "origin": [8.33, 0.1993, 8]},
			"faces": {
				"north": {"uv": [0.144, 13.85, 0.256, 13.3], "texture": "#4"},
				"east": {"uv": [0.144, 13.85, 0.16, 13.3], "texture": "#4"},
				"south": {"uv": [0.256, 13.85, 0.144, 13.3], "texture": "#4"},
				"west": {"uv": [0, 13.3, 0.016, 13.35], "texture": "#4"},
				"up": {"uv": [0, 13.3, 0.016, 13.35], "texture": "#4"},
				"down": {"uv": [0.256, 13.3, 0.144, 13.35], "texture": "#4"}
			}
		},
		{
			"from": [22.97, 0.4393, 6.68],
			"to": [26.33, 5.2393, 9.32],
			"rotation": {"angle": 0, "axis": "y", "origin": [8.33, 0.1993, 8]},
			"faces": {
				"north": {"uv": [2.4, 1.1, 2.848, 3.1], "texture": "#4"},
				"south": {"uv": [2.848, 1.1, 2.4, 3.1], "texture": "#4"},
				"up": {"uv": [2.848, 1.1, 2.4, 0], "texture": "#4"},
				"down": {"uv": [2.848, 4.2, 2.4, 3.1], "texture": "#4"}
			}
		},
		{
			"from": [22.73, 3.5593, 6.44],
			"to": [24.65, 4.0393, 9.56],
			"rotation": {"angle": 0, "axis": "y", "origin": [8.33, 0.1993, 8]},
			"faces": {
				"east": {"uv": [0, 13.3, 0.016, 13.35], "texture": "#4"},
				"up": {"uv": [0, 13.3, 0.016, 13.35], "texture": "#4"},
				"down": {"uv": [0, 13.3, 0.016, 13.35], "texture": "#4"}
			}
		},
		{
			"from": [22.73, 1.6393, 6.44],
			"to": [24.65, 2.1193, 9.56],
			"rotation": {"angle": 0, "axis": "y", "origin": [8.33, 0.1993, 8]},
			"faces": {
				"east": {"uv": [0, 13.3, 0.016, 13.35], "texture": "#4"},
				"up": {"uv": [0, 13.3, 0.016, 13.35], "texture": "#4"},
				"down": {"uv": [0, 13.3, 0.016, 13.35], "texture": "#4"}
			}
		},
		{
			"from": [26.57, 5.4793, 9.56],
			"to": [22.73, 0.1993, 6.44],
			"rotation": {"angle": 0, "axis": "y", "origin": [8.33, 0.1993, 8]},
			"faces": {
				"north": {"uv": [0.048, 13.3, 0.08, 13.85], "texture": "#4"},
				"east": {"uv": [0.064, 13.3, 0.048, 13.85], "texture": "#4"},
				"south": {"uv": [0.08, 13.3, 0.048, 13.85], "texture": "#4"},
				"west": {"uv": [0, 13.3, 0.016, 13.35], "texture": "#4"},
				"up": {"uv": [0, 13.3, 0.016, 13.35], "texture": "#4"},
				"down": {"uv": [0, 13.3, 0.016, 13.35], "texture": "#4"}
			}
		},
		{
			"from": [19.13, 0.4393, 6.68],
			"to": [22.49, 5.2393, 9.32],
			"rotation": {"angle": 0, "axis": "y", "origin": [8.33, 0.1993, 8]},
			"faces": {
				"north": {"uv": [3.36, 1.1, 3.808, 3.1], "texture": "#4"},
				"south": {"uv": [3.808, 1.1, 3.36, 3.1], "texture": "#4"},
				"up": {"uv": [3.808, 1.1, 3.36, 0], "texture": "#4"},
				"down": {"uv": [3.808, 4.2, 3.36, 3.1], "texture": "#4"}
			}
		},
		{
			"from": [18.89, 3.5593, 6.44],
			"to": [20.81, 4.0393, 9.56],
			"rotation": {"angle": 0, "axis": "y", "origin": [8.33, 0.1993, 8]},
			"faces": {
				"east": {"uv": [0, 13.3, 0.016, 13.35], "texture": "#4"},
				"up": {"uv": [0, 13.3, 0.016, 13.35], "texture": "#4"},
				"down": {"uv": [0, 13.3, 0.016, 13.35], "texture": "#4"}
			}
		},
		{
			"from": [22.73, 5.4793, 9.56],
			"to": [18.89, 0.1993, 6.44],
			"rotation": {"angle": 0, "axis": "y", "origin": [8.33, 0.1993, 8]},
			"faces": {
				"north": {"uv": [0.096, 13.85, 0.128, 13.3], "texture": "#4"},
				"east": {"uv": [0.112, 13.85, 0.096, 13.3], "texture": "#4"},
				"south": {"uv": [0.128, 13.85, 0.096, 13.3], "texture": "#4"},
				"west": {"uv": [0, 13.3, 0.016, 13.35], "texture": "#4"},
				"up": {"uv": [0, 13.3, 0.016, 13.35], "texture": "#4"},
				"down": {"uv": [0, 13.3, 0.016, 13.35], "texture": "#4"}
			}
		},
		{
			"from": [17.21, 0.4393, 6.68],
			"to": [18.65, 5.2393, 9.32],
			"rotation": {"angle": 0, "axis": "y", "origin": [8.33, 0.1993, 8]},
			"faces": {
				"north": {"uv": [4.32, 1.1, 4.512, 3.1], "texture": "#4"},
				"south": {"uv": [4.512, 1.1, 4.32, 3.1], "texture": "#4"},
				"up": {"uv": [4.512, 1.1, 4.32, 0], "texture": "#4"},
				"down": {"uv": [4.512, 4.2, 4.32, 3.1], "texture": "#4"}
			}
		},
		{
			"from": [18.89, 5.4793, 9.56],
			"to": [16.97, 0.1993, 6.44],
			"rotation": {"angle": 0, "axis": "y", "origin": [8.33, 0.1993, 8]},
			"faces": {
				"north": {"uv": [0, 13.3, 0.016, 13.35], "texture": "#4"},
				"east": {"uv": [0, 13.3, 0.016, 13.35], "texture": "#4"},
				"south": {"uv": [0, 13.3, 0.016, 13.35], "texture": "#4"},
				"west": {"uv": [0, 13.3, 0.016, 13.35], "texture": "#4"},
				"up": {"uv": [0, 13.3, 0.016, 13.35], "texture": "#4"},
				"down": {"uv": [0, 13.3, 0.016, 13.35], "texture": "#4"}
			}
		},
		{
			"from": [13.37, 0.4393, 6.68],
			"to": [16.73, 5.2393, 9.32],
			"rotation": {"angle": 0, "axis": "y", "origin": [8.33, 0.1993, 8]},
			"faces": {
				"north": {"uv": [9.76, 1.1, 10.208, 3.1], "texture": "#4"},
				"south": {"uv": [10.208, 1.1, 9.76, 3.1], "texture": "#4"},
				"up": {"uv": [10.208, 1.1, 9.76, 0], "texture": "#4"},
				"down": {"uv": [10.208, 4.2, 9.76, 3.1], "texture": "#4"}
			}
		},
		{
			"from": [16.01, 0.1993, 6.44],
			"to": [16.97, 4.0393, 9.56],
			"rotation": {"angle": 0, "axis": "y", "origin": [8.33, 0.1993, 8]},
			"faces": {
				"west": {"uv": [0, 13.3, 0.016, 13.35], "texture": "#4"},
				"up": {"uv": [0, 13.3, 0.016, 13.35], "texture": "#4"}
			}
		},
		{
			"from": [13.13, 0.1993, 6.44],
			"to": [14.09, 4.0393, 9.56],
			"rotation": {"angle": 0, "axis": "y", "origin": [8.33, 0.1993, 8]},
			"faces": {
				"east": {"uv": [0, 13.3, 0.016, 13.35], "texture": "#4"},
				"up": {"uv": [0, 13.3, 0.016, 13.35], "texture": "#4"}
			}
		},
		{
			"from": [16.97, 5.4793, 9.56],
			"to": [13.13, 0.1993, 6.44],
			"rotation": {"angle": 0, "axis": "y", "origin": [8.33, 0.1993, 8]},
			"faces": {
				"north": {"uv": [0.032, 14.4, 0.096, 13.85], "texture": "#4"},
				"east": {"uv": [0.032, 14.4, 0.048, 13.85], "texture": "#4"},
				"south": {"uv": [0.032, 14.4, 0.096, 13.85], "texture": "#4"},
				"west": {"uv": [0.032, 14.4, 0.048, 13.85], "texture": "#4"},
				"up": {"uv": [0.032, 14.4, 0.096, 14.35], "texture": "#4"},
				"down": {"uv": [0, 13.3, 0.016, 13.35], "texture": "#4"}
			}
		},
		{
			"from": [11.45, 0.4393, 6.68],
			"to": [12.89, 5.2393, 9.32],
			"rotation": {"angle": 0, "axis": "y", "origin": [8.33, 0.1993, 8]},
			"faces": {
				"north": {"uv": [4.32, 1.1, 4.512, 3.1], "texture": "#4"},
				"south": {"uv": [4.512, 1.1, 4.32, 3.1], "texture": "#4"},
				"up": {"uv": [4.512, 1.1, 4.32, 0], "texture": "#4"},
				"down": {"uv": [4.512, 4.2, 4.32, 3.1], "texture": "#4"}
			}
		},
		{
			"from": [13.13, 5.4793, 9.56],
			"to": [11.21, 0.1993, 6.44],
			"rotation": {"angle": 0, "axis": "y", "origin": [8.33, 0.1993, 8]},
			"faces": {
				"north": {"uv": [0, 13.3, 0.016, 13.35], "texture": "#4"},
				"east": {"uv": [0, 13.3, 0.016, 13.35], "texture": "#4"},
				"south": {"uv": [0, 13.3, 0.016, 13.35], "texture": "#4"},
				"west": {"uv": [0, 13.3, 0.016, 13.35], "texture": "#4"},
				"up": {"uv": [0, 13.3, 0.016, 13.35], "texture": "#4"},
				"down": {"uv": [0, 13.3, 0.016, 13.35], "texture": "#4"}
			}
		},
		{
			"from": [7.61, 0.4393, 6.68],
			"to": [10.97, 5.2393, 9.32],
			"rotation": {"angle": 0, "axis": "y", "origin": [8.33, 0.1993, 8]},
			"faces": {
				"north": {"uv": [0, 1.1, 0.448, 3.1], "texture": "#4"},
				"south": {"uv": [0.448, 1.1, 0, 3.1], "texture": "#4"},
				"up": {"uv": [0.448, 1.1, 0, 0], "texture": "#4"},
				"down": {"uv": [0.448, 4.2, 0, 3.1], "texture": "#4"}
			}
		},
		{
			"from": [11.21, 5.4793, 9.56],
			"to": [7.37, 0.1993, 6.44],
			"rotation": {"angle": 0, "axis": "y", "origin": [8.33, 0.1993, 8]},
			"faces": {
				"north": {"uv": [0, 13.3, 0.016, 13.35], "texture": "#4"},
				"east": {"uv": [0, 13.3, 0.016, 13.35], "texture": "#4"},
				"south": {"uv": [0, 13.3, 0.016, 13.35], "texture": "#4"},
				"west": {"uv": [0, 13.3, 0.016, 13.35], "texture": "#4"},
				"up": {"uv": [0, 13.3, 0.016, 13.35], "texture": "#4"},
				"down": {"uv": [0, 13.3, 0.016, 13.35], "texture": "#4"}
			}
		},
		{
			"from": [2.33, 0.4393, 6.68],
			"to": [7.13, 5.2393, 9.32],
			"rotation": {"angle": 0, "axis": "y", "origin": [8.33, 0.1993, 8]},
			"faces": {
				"north": {"uv": [11.2, 1.1, 11.84, 3.1], "texture": "#4"},
				"east": {"uv": [0.032, 13.3, 0.048, 13.4], "texture": "#4"},
				"south": {"uv": [11.84, 1.1, 11.2, 3.1], "texture": "#4"},
				"west": {"uv": [0.032, 13.3, 0.048, 13.4], "texture": "#4"},
				"up": {"uv": [11.84, 1.1, 11.2, 0], "texture": "#4"},
				"down": {"uv": [11.84, 4.2, 11.2, 3.1], "texture": "#4"}
			}
		},
		{
			"from": [4.25, 3.7993, 6.68],
			"to": [5.21, 3.7993, 9.32],
			"rotation": {"angle": 0, "axis": "y", "origin": [8.33, 0.1993, 8]},
			"faces": {
				"up": {"uv": [12, 1.1, 11.872, 0], "texture": "#4"}
			}
		},
		{
			"from": [4.01, 4.0393, 6.44],
			"to": [5.45, 5.4793, 9.56],
			"rotation": {"angle": 0, "axis": "y", "origin": [8.33, 0.1993, 8]},
			"faces": {
				"east": {"uv": [0, 13.3, 0.016, 13.35], "texture": "#4"},
				"west": {"uv": [0, 13.3, 0.016, 13.35], "texture": "#4"},
				"down": {"uv": [0, 13.3, 0.016, 13.35], "texture": "#4"}
			}
		},
		{
			"from": [4.49, 0.1993, 6.44],
			"to": [4.97, 1.6393, 9.56],
			"rotation": {"angle": 0, "axis": "y", "origin": [8.33, 0.1993, 8]},
			"faces": {
				"east": {"uv": [0, 13.3, 0.016, 13.35], "texture": "#4"},
				"west": {"uv": [0, 13.3, 0.016, 13.35], "texture": "#4"},
				"up": {"uv": [0, 13.3, 0.016, 13.35], "texture": "#4"}
			}
		},
		{
			"from": [6.89, 0.1993, 6.44],
			"to": [7.37, 1.1593, 9.56],
			"rotation": {"angle": 0, "axis": "y", "origin": [8.33, 0.1993, 8]},
			"faces": {
				"west": {"uv": [0, 13.3, 0.016, 13.35], "texture": "#4"},
				"up": {"uv": [0, 13.3, 0.016, 13.35], "texture": "#4"}
			}
		},
		{
			"from": [2.09, 0.1993, 6.44],
			"to": [2.57, 1.1593, 9.56],
			"rotation": {"angle": 0, "axis": "y", "origin": [8.33, 0.1993, 8]},
			"faces": {
				"east": {"uv": [0, 13.3, 0.016, 13.35], "texture": "#4"},
				"up": {"uv": [0, 13.3, 0.016, 13.35], "texture": "#4"}
			}
		},
		{
			"from": [7.37, 5.4793, 9.56],
			"to": [2.09, 0.1993, 6.44],
			"rotation": {"angle": 0, "axis": "y", "origin": [8.33, 0.1993, 8]},
			"faces": {
				"north": {"uv": [0.448, 13.85, 0.624, 13.3], "texture": "#4"},
				"east": {"uv": [0.448, 13.85, 0.464, 13.3], "texture": "#4"},
				"south": {"uv": [0.448, 13.85, 0.624, 13.3], "texture": "#4"},
				"west": {"uv": [0.448, 13.85, 0.464, 13.3], "texture": "#4"},
				"up": {"uv": [0.448, 13.85, 0.624, 13.8], "texture": "#4"},
				"down": {"uv": [0.448, 13.35, 0.624, 13.3], "texture": "#4"}
			}
		},
		{
			"from": [-1.51, 0.4393, 6.68],
			"to": [1.85, 5.2393, 9.32],
			"rotation": {"angle": 0, "axis": "y", "origin": [8.33, 0.1993, 8]},
			"faces": {
				"north": {"uv": [0.48, 1.1, 0.928, 3.1], "texture": "#4"},
				"south": {"uv": [0.928, 1.1, 0.48, 3.1], "texture": "#4"},
				"up": {"uv": [0.928, 1.1, 0.48, 0], "texture": "#4"},
				"down": {"uv": [0.928, 4.2, 0.48, 3.1], "texture": "#4"}
			}
		},
		{
			"from": [2.09, 5.4793, 9.56],
			"to": [-1.75, 0.1993, 6.44],
			"rotation": {"angle": 0, "axis": "y", "origin": [8.33, 0.1993, 8]},
			"faces": {
				"north": {"uv": [0, 13.3, 0.016, 13.35], "texture": "#4"},
				"east": {"uv": [0, 13.3, 0.016, 13.35], "texture": "#4"},
				"south": {"uv": [0, 13.3, 0.016, 13.35], "texture": "#4"},
				"west": {"uv": [0, 13.3, 0.016, 13.35], "texture": "#4"},
				"up": {"uv": [0, 13.3, 0.016, 13.35], "texture": "#4"},
				"down": {"uv": [0, 13.3, 0.016, 13.35], "texture": "#4"}
			}
		},
		{
			"from": [-5.35, 0.4393, 6.68],
			"to": [-1.99, 5.2393, 9.32],
			"rotation": {"angle": 0, "axis": "y", "origin": [8.33, 0.1993, 8]},
			"faces": {
				"north": {"uv": [8.8, 1.1, 9.248, 3.1], "texture": "#4"},
				"south": {"uv": [9.248, 1.1, 8.8, 3.1], "texture": "#4"},
				"up": {"uv": [9.248, 1.1, 8.8, 0], "texture": "#4"},
				"down": {"uv": [9.248, 4.2, 8.8, 3.1], "texture": "#4"}
			}
		},
		{
			"from": [-1.75, 5.4793, 9.56],
			"to": [-5.59, 0.1993, 6.44],
			"rotation": {"angle": 0, "axis": "y", "origin": [8.33, 0.1993, 8]},
			"faces": {
				"north": {"uv": [0, 13.3, 0.016, 13.35], "texture": "#4"},
				"east": {"uv": [0, 13.3, 0.016, 13.35], "texture": "#4"},
				"south": {"uv": [0, 13.3, 0.016, 13.35], "texture": "#4"},
				"west": {"uv": [0, 13.3, 0.016, 13.35], "texture": "#4"},
				"up": {"uv": [0, 13.3, 0.016, 13.35], "texture": "#4"},
				"down": {"uv": [0, 13.3, 0.016, 13.35], "texture": "#4"}
			}
		},
		{
			"from": [-9.19, 0.4393, 6.68],
			"to": [-5.83, 5.2393, 9.32],
			"rotation": {"angle": 0, "axis": "y", "origin": [8.33, 0.1993, 8]},
			"faces": {
				"north": {"uv": [1.92, 1.1, 2.368, 3.1], "texture": "#4"},
				"south": {"uv": [2.368, 1.1, 1.92, 3.1], "texture": "#4"},
				"up": {"uv": [2.368, 1.1, 1.92, 0], "texture": "#4"},
				"down": {"uv": [2.368, 4.2, 1.92, 3.1], "texture": "#4"}
			}
		},
		{
			"from": [-8.95, 4.9993, 9.56],
			"to": [-9.43, 0.6793, 6.44],
			"rotation": {"angle": 0, "axis": "y", "origin": [8.33, 0.1993, 8]},
			"faces": {
				"north": {"uv": [0, 13.3, 0.016, 13.35], "texture": "#4"},
				"east": {"uv": [0, 13.3, 0.016, 13.35], "texture": "#4"},
				"south": {"uv": [0, 13.3, 0.016, 13.35], "texture": "#4"},
				"up": {"uv": [0, 13.3, 0.016, 13.35], "texture": "#4"},
				"down": {"uv": [0, 13.3, 0.016, 13.35], "texture": "#4"}
			}
		},
		{
			"from": [-5.59, 5.4793, 9.56],
			"to": [-8.95, 0.1993, 6.44],
			"rotation": {"angle": 0, "axis": "y", "origin": [8.33, 0.1993, 8]},
			"faces": {
				"north": {"uv": [0, 13.3, 0.016, 13.35], "texture": "#4"},
				"east": {"uv": [0.032, 13.3, 0.048, 13.85], "texture": "#4"},
				"south": {"uv": [0, 13.3, 0.016, 13.35], "texture": "#4"},
				"west": {"uv": [0, 13.3, 0.016, 13.35], "texture": "#4"},
				"up": {"uv": [0, 13.3, 0.016, 13.35], "texture": "#4"},
				"down": {"uv": [0, 13.3, 0.016, 13.35], "texture": "#4"}
			}
		},
		{
			"from": [-13.03, 0.4393, 6.68],
			"to": [-9.67, 5.2393, 9.32],
			"rotation": {"angle": 0, "axis": "y", "origin": [8.33, 0.1993, 8]},
			"faces": {
				"north": {"uv": [9.28, 1.1, 9.728, 3.1], "texture": "#4"},
				"south": {"uv": [9.728, 1.1, 9.28, 3.1], "texture": "#4"},
				"up": {"uv": [9.728, 1.1, 9.28, 0], "texture": "#4"},
				"down": {"uv": [9.728, 4.2, 9.28, 3.1], "texture": "#4"}
			}
		},
		{
			"from": [-11.35, 1.6393, 6.44],
			"to": [-9.43, 2.1193, 9.56],
			"rotation": {"angle": 0, "axis": "y", "origin": [8.33, 0.1993, 8]},
			"faces": {
				"west": {"uv": [0, 13.3, 0.016, 13.35], "texture": "#4"},
				"up": {"uv": [0, 13.3, 0.016, 13.35], "texture": "#4"},
				"down": {"uv": [0, 13.3, 0.016, 13.35], "texture": "#4"}
			}
		},
		{
			"from": [-13.27, 3.5593, 6.44],
			"to": [-11.35, 4.0393, 9.56],
			"rotation": {"angle": 0, "axis": "y", "origin": [8.33, 0.1993, 8]},
			"faces": {
				"east": {"uv": [0, 13.3, 0.016, 13.35], "texture": "#4"},
				"up": {"uv": [0, 13.3, 0.016, 13.35], "texture": "#4"},
				"down": {"uv": [0, 13.3, 0.016, 13.35], "texture": "#4"}
			}
		},
		{
			"from": [-9.43, 5.4793, 9.56],
			"to": [-13.27, 0.1993, 6.44],
			"rotation": {"angle": 0, "axis": "y", "origin": [8.33, 0.1993, 8]},
			"faces": {
				"north": {"uv": [0, 13.85, 0.032, 14.4], "texture": "#4"},
				"east": {"uv": [0, 13.85, 0.016, 14.4], "texture": "#4"},
				"south": {"uv": [0.032, 13.85, 0, 14.4], "texture": "#4"},
				"west": {"uv": [0.016, 13.85, 0.032, 14.4], "texture": "#4"},
				"up": {"uv": [0, 13.3, 0.016, 13.35], "texture": "#4"},
				"down": {"uv": [0, 13.3, 0.016, 13.35], "texture": "#4"}
			}
		}
	],
	"groups": [
		{
			"name": "legitiawards",
			"origin": [9.08, 0.1993, 8],
			"color": 0,
			"children": [
				{
					"name": "l",
					"origin": [9.08, 0.1993, 8],
					"color": 0,
					"children": [0, 1, 2]
				},
				{
					"name": "e",
					"origin": [9.08, 0.1993, 8],
					"color": 0,
					"children": [3, 4, 5, 6]
				},
				{
					"name": "g",
					"origin": [9.08, 0.1993, 8],
					"color": 0,
					"children": [7, 8, 9]
				},
				{
					"name": "i7",
					"origin": [9.08, 0.1993, 8],
					"color": 0,
					"children": [10, 11]
				},
				{
					"name": "t",
					"origin": [9.08, 0.1993, 8],
					"color": 0,
					"children": [12, 13, 14, 15]
				},
				{
					"name": "i",
					"origin": [9.08, 0.1993, 8],
					"color": 0,
					"children": [16, 17]
				},
				{
					"name": "a6",
					"origin": [9.08, 0.1993, 8],
					"color": 0,
					"children": [18, 19]
				},
				{
					"name": "w",
					"origin": [9.08, 0.1993, 8],
					"color": 0,
					"children": [20, 21, 22, 23, 24, 25, 26]
				},
				{
					"name": "a",
					"origin": [9.08, 0.1993, 8],
					"color": 0,
					"children": [27, 28]
				},
				{
					"name": "r",
					"origin": [9.08, 0.1993, 8],
					"color": 0,
					"children": [29, 30]
				},
				{
					"name": "d",
					"origin": [9.08, 0.1993, 8],
					"color": 0,
					"children": [31, 32, 33]
				},
				{
					"name": "s",
					"origin": [9.08, 0.1993, 8],
					"color": 0,
					"children": [34, 35, 36, 37]
				}
			]
		}
	]
}