{
	"format_version": "1.21.11",
	"credit": "Made with Blockbench",
	"texture_size": [1000, 320],
	"textures": {
		"3": "cla:item/deco/the",
		"4": "cla:item/deco/legitiawards"
	},
	"elements": [
		{
			"from": [22.26596, 5.82412, 7.04],
			"to": [24.02276, 8.28364, 8.96],
			"rotation": {"angle": 0, "axis": "y", "origin": [21.15332, 5.707, 8]},
			"faces": {
				"north": {"uv": [10.048, 0.8, 10.528, 2.9], "texture": "#3"},
				"south": {"uv": [10.528, 0.8, 10.048, 2.9], "texture": "#3"},
				"up": {"uv": [10.528, 0.8, 10.048, 0], "texture": "#3"},
				"down": {"uv": [10.528, 3.7, 10.048, 2.9], "texture": "#3"}
			}
		},
		{
			"from": [24.13988, 8.40076, 9.2],
			"to": [22.14884, 7.81516, 6.8],
			"rotation": {"angle": 0, "axis": "y", "origin": [21.15332, 5.707, 8]},
			"faces": {
				"north": {"uv": [0, 11.7, 0.016, 11.75], "texture": "#3"},
				"east": {"uv": [0, 11.7, 0.016, 11.75], "texture": "#3"},
				"south": {"uv": [0, 11.7, 0.016, 11.75], "texture": "#3"},
				"west": {"uv": [0, 11.7, 0.016, 11.75], "texture": "#3"},
				"up": {"uv": [3.376, 11.7, 3.648, 11.75], "texture": "#3"},
				"down": {"uv": [0, 11.7, 0.016, 11.75], "texture": "#3"}
			}
		},
		{
			"from": [23.43716, 7.81516, 9.2],
			"to": [22.85156, 5.707, 6.8],
			"rotation": {"angle": 0, "axis": "y", "origin": [21.15332, 5.707, 8]},
			"faces": {
				"north": {"uv": [0, 11.7, 0.016, 11.75], "texture": "#3"},
				"east": {"uv": [0, 11.7, 0.016, 11.75], "texture": "#3"},
				"south": {"uv": [0, 11.7, 0.016, 11.75], "texture": "#3"},
				"west": {"uv": [0, 11.7, 0.016, 11.75], "texture": "#3"},
				"up": {"uv": [0, 11.7, 0.016, 11.75], "texture": "#3"}
			}
		},
		{
			"from": [20.27492, 5.82412, 7.04],
			"to": [22.03172, 8.28364, 8.96],
			"rotation": {"angle": 0, "axis": "y", "origin": [21.15332, 5.707, 8]},
			"faces": {
				"north": {"uv": [4.096, 0.8, 4.576, 2.9], "texture": "#3"},
				"south": {"uv": [4.576, 0.8, 4.096, 2.9], "texture": "#3"},
				"up": {"uv": [4.576, 0.8, 4.096, 0], "texture": "#3"},
				"down": {"uv": [4.576, 3.7, 4.096, 2.9], "texture": "#3"}
			}
		},
		{
			"from": [22.14884, 8.40076, 9.2],
			"to": [20.1578, 5.707, 6.8],
			"rotation": {"angle": 0, "axis": "y", "origin": [21.15332, 5.707, 8]},
			"faces": {
				"north": {"uv": [2.336, 12.85, 2.064, 11.7], "texture": "#3"},
				"east": {"uv": [0, 11.7, 0.016, 11.75], "texture": "#3"},
				"south": {"uv": [2.064, 12.85, 2.336, 11.7], "texture": "#3"},
				"west": {"uv": [0, 11.7, 0.016, 11.75], "texture": "#3"},
				"up": {"uv": [2.064, 11.7, 2.336, 11.75], "texture": "#3"},
				"down": {"uv": [2.064, 11.7, 2.336, 11.75], "texture": "#3"}
			}
		},
		{
			"from": [20.7434, 5.707, 6.8],
			"to": [21.56324, 7.11244, 9.2],
			"rotation": {"angle": 0, "axis": "y", "origin": [21.15332, 5.707, 8]},
			"faces": {
				"east": {"uv": [0, 11.7, 0.016, 11.75], "texture": "#3"},
				"west": {"uv": [0, 11.7, 0.016, 11.75], "texture": "#3"},
				"up": {"uv": [0, 11.7, 0.016, 11.75], "texture": "#3"}
			}
		},
		{
			"from": [20.7434, 7.69804, 6.8],
			"to": [21.56324, 8.40076, 9.2],
			"rotation": {"angle": 0, "axis": "y", "origin": [21.15332, 5.707, 8]},
			"faces": {
				"east": {"uv": [0, 11.7, 0.016, 11.75], "texture": "#3"},
				"west": {"uv": [0, 11.7, 0.016, 11.75], "texture": "#3"},
				"down": {"uv": [0, 11.7, 0.016, 11.75], "texture": "#3"}
			}
		},
		{
			"from": [18.28388, 5.82412, 7.04],
			"to": [20.04068, 8.28364, 8.96],
			"rotation": {"angle": 0, "axis": "y", "origin": [21.15332, 5.707, 8]},
			"faces": {
				"north": {"uv": [2.56, 0.8, 3.04, 2.9], "texture": "#3"},
				"south": {"uv": [3.04, 0.8, 2.56, 2.9], "texture": "#3"},
				"up": {"uv": [3.04, 0.8, 2.56, 0], "texture": "#3"},
				"down": {"uv": [3.04, 3.7, 2.56, 2.9], "texture": "#3"}
			}
		},
		{
			"from": [20.1578, 8.40076, 9.2],
			"to": [18.16676, 5.707, 6.8],
			"rotation": {"angle": 0, "axis": "y", "origin": [21.15332, 5.707, 8]},
			"faces": {
				"north": {"uv": [1.536, 12.85, 1.264, 11.7], "texture": "#3"},
				"east": {"uv": [1.52, 11.7, 1.536, 12.85], "texture": "#3"},
				"south": {"uv": [1.264, 12.85, 1.536, 11.7], "texture": "#3"},
				"west": {"uv": [0.016, 11.75, 0, 11.7], "texture": "#3"},
				"up": {"uv": [0.016, 11.75, 0, 11.7], "texture": "#3"},
				"down": {"uv": [0.016, 11.75, 0, 11.7], "texture": "#3"}
			}
		},
		{
			"from": [18.16676, 6.2926, 6.8],
			"to": [19.5722, 7.81516, 9.2],
			"rotation": {"angle": 0, "axis": "y", "origin": [21.15332, 5.707, 8]},
			"faces": {
				"east": {"uv": [1.536, 11.7, 1.552, 12.35], "texture": "#3"},
				"up": {"uv": [0.016, 11.75, 0, 11.7], "texture": "#3"},
				"down": {"uv": [0.016, 11.75, 0, 11.7], "texture": "#3"}
			}
		},
		{
			"from": [19.5722, 7.69804, 9.2],
			"to": [18.86948, 7.11244, 6.8],
			"rotation": {"angle": 0, "axis": "y", "origin": [21.15332, 5.707, 8]},
			"faces": {
				"north": {"uv": [0.016, 11.75, 0, 11.7], "texture": "#3"},
				"east": {"uv": [0.016, 11.75, 0, 11.7], "texture": "#3"},
				"south": {"uv": [0.016, 11.75, 0, 11.7], "texture": "#3"},
				"up": {"uv": [0.016, 11.75, 0, 11.7], "texture": "#3"},
				"down": {"uv": [0.016, 11.75, 0, 11.7], "texture": "#3"}
			}
		},
		{
			"from": [7.90412, 5.82412, 7.04],
			"to": [9.66092, 8.28364, 8.96],
			"rotation": {"angle": 0, "axis": "y", "origin": [1.16972, 5.707, 8]},
			"faces": {
				"north": {"uv": [1.536, 0.8, 2.016, 2.9], "texture": "#3"},
				"south": {"uv": [2.016, 0.8, 1.536, 2.9], "texture": "#3"},
				"up": {"uv": [2.016, 0.8, 1.536, 0], "texture": "#3"},
				"down": {"uv": [2.016, 3.7, 1.536, 2.9], "texture": "#3"}
			}
		},
		{
			"from": [9.77804, 8.0494, 9.2],
			"to": [7.787, 6.05836, 6.8],
			"rotation": {"angle": 0, "axis": "y", "origin": [1.16972, 5.707, 8]},
			"faces": {
				"north": {"uv": [1.024, 12.7, 0.752, 11.85], "texture": "#3"},
				"east": {"uv": [1.008, 11.85, 1.024, 12.7], "texture": "#3"},
				"south": {"uv": [0.752, 12.7, 1.024, 11.85], "texture": "#3"},
				"west": {"uv": [0, 11.7, 0.016, 11.75], "texture": "#3"},
				"up": {"uv": [0.016, 11.7, 0.288, 11.75], "texture": "#3"},
				"down": {"uv": [0.016, 11.7, 0.288, 11.75], "texture": "#3"}
			}
		},
		{
			"from": [8.3726, 6.2926, 6.8],
			"to": [9.19244, 7.81516, 9.2],
			"rotation": {"angle": 0, "axis": "y", "origin": [1.16972, 5.707, 8]},
			"faces": {
				"east": {"uv": [0, 11.7, 0.016, 11.75], "texture": "#3"},
				"west": {"uv": [0.944, 11.95, 0.96, 12.6], "texture": "#3"},
				"up": {"uv": [0.016, 11.75, 0, 11.7], "texture": "#3"},
				"down": {"uv": [0.016, 11.75, 0, 11.7], "texture": "#3"}
			}
		},
		{
			"from": [9.42668, 8.40076, 9.2],
			"to": [8.13836, 5.707, 6.8],
			"rotation": {"angle": 0, "axis": "y", "origin": [1.16972, 5.707, 8]},
			"faces": {
				"north": {"uv": [0.496, 14, 0.32, 12.85], "texture": "#3"},
				"east": {"uv": [0.016, 12.85, 0, 11.7], "texture": "#3"},
				"south": {"uv": [0.32, 14, 0.496, 12.85], "texture": "#3"},
				"west": {"uv": [0.016, 12.85, 0, 11.7], "texture": "#3"},
				"up": {"uv": [0, 11.7, 0.016, 11.75], "texture": "#3"},
				"down": {"uv": [0, 11.7, 0.016, 11.75], "texture": "#3"}
			}
		},
		{
			"from": [7.787, 6.64396, 6.8],
			"to": [8.3726, 7.4638, 9.2],
			"rotation": {"angle": 0, "axis": "y", "origin": [1.16972, 5.707, 8]},
			"faces": {
				"up": {"uv": [0.016, 11.75, 0, 11.7], "texture": "#3"},
				"down": {"uv": [0.016, 11.75, 0, 11.7], "texture": "#3"}
			}
		},
		{
			"from": [5.91308, 5.82412, 7.04],
			"to": [7.66988, 8.28364, 8.96],
			"rotation": {"angle": 0, "axis": "y", "origin": [1.16972, 5.707, 8]},
			"faces": {
				"north": {"uv": [7.488, 0.8, 7.968, 2.9], "texture": "#3"},
				"south": {"uv": [7.968, 0.8, 7.488, 2.9], "texture": "#3"},
				"up": {"uv": [7.968, 0.8, 7.488, 0], "texture": "#3"},
				"down": {"uv": [7.968, 3.7, 7.488, 2.9], "texture": "#3"}
			}
		},
		{
			"from": [7.787, 8.0494, 9.2],
			"to": [5.79596, 6.05836, 6.8],
			"rotation": {"angle": 0, "axis": "y", "origin": [1.16972, 5.707, 8]},
			"faces": {
				"north": {"uv": [3.12, 12.7, 2.848, 11.85], "texture": "#3"},
				"east": {"uv": [0.016, 11.75, 0, 11.7], "texture": "#3"},
				"south": {"uv": [2.848, 12.7, 3.12, 11.85], "texture": "#3"},
				"west": {"uv": [0.016, 11.75, 0, 11.7], "texture": "#3"},
				"up": {"uv": [0.016, 11.7, 0.288, 11.75], "texture": "#3"},
				"down": {"uv": [0.016, 11.7, 0.288, 11.75], "texture": "#3"}
			}
		},
		{
			"from": [7.43564, 8.40076, 9.2],
			"to": [6.14732, 5.707, 6.8],
			"rotation": {"angle": 0, "axis": "y", "origin": [1.16972, 5.707, 8]},
			"faces": {
				"north": {"uv": [3.072, 12.85, 2.896, 11.7], "texture": "#3"},
				"east": {"uv": [0, 11.7, 0.016, 12.85], "texture": "#3"},
				"south": {"uv": [2.896, 12.85, 3.072, 11.7], "texture": "#3"},
				"west": {"uv": [0, 11.7, 0.016, 12.85], "texture": "#3"},
				"up": {"uv": [0.016, 11.75, 0, 11.7], "texture": "#3"},
				"down": {"uv": [0.016, 11.75, 0, 11.7], "texture": "#3"}
			}
		},
		{
			"from": [6.38156, 6.2926, 6.8],
			"to": [7.2014, 7.81516, 9.2],
			"rotation": {"angle": 0, "axis": "y", "origin": [1.16972, 5.707, 8]},
			"faces": {
				"east": {"uv": [0, 11.7, 0.016, 11.75], "texture": "#3"},
				"west": {"uv": [0, 11.7, 0.016, 11.75], "texture": "#3"},
				"up": {"uv": [0, 11.7, 0.016, 11.75], "texture": "#3"},
				"down": {"uv": [0, 11.7, 0.016, 11.75], "texture": "#3"}
			}
		},
		{
			"from": [3.92204, 5.82412, 7.04],
			"to": [5.67884, 8.28364, 8.96],
			"rotation": {"angle": 0, "axis": "y", "origin": [1.16972, 5.707, 8]},
			"faces": {
				"north": {"uv": [6.464, 0.8, 6.944, 2.9], "texture": "#3"},
				"south": {"uv": [6.944, 0.8, 6.464, 2.9], "texture": "#3"},
				"up": {"uv": [6.944, 0.8, 6.464, 0], "texture": "#3"},
				"down": {"uv": [6.944, 3.7, 6.464, 2.9], "texture": "#3"}
			}
		},
		{
			"from": [5.79596, 8.40076, 9.2],
			"to": [3.80492, 5.707, 6.8],
			"rotation": {"angle": 0, "axis": "y", "origin": [1.16972, 5.707, 8]},
			"faces": {
				"north": {"uv": [2.816, 12.85, 2.544, 11.7], "texture": "#3"},
				"east": {"uv": [0.016, 11.75, 0, 11.7], "texture": "#3"},
				"south": {"uv": [2.544, 12.85, 2.816, 11.7], "texture": "#3"},
				"west": {"uv": [0.016, 11.75, 0, 11.7], "texture": "#3"},
				"up": {"uv": [2.544, 11.75, 2.816, 11.7], "texture": "#3"},
				"down": {"uv": [2.544, 11.75, 2.816, 11.7], "texture": "#3"}
			}
		},
		{
			"from": [4.39052, 8.0494, 6.8],
			"to": [5.21036, 8.40076, 9.2],
			"rotation": {"angle": 0, "axis": "y", "origin": [1.16972, 5.707, 8]},
			"faces": {
				"east": {"uv": [0.016, 11.75, 0, 11.7], "texture": "#3"},
				"west": {"uv": [0.016, 11.75, 0, 11.7], "texture": "#3"},
				"down": {"uv": [2.624, 11.9, 2.736, 11.85], "texture": "#3"}
			}
		},
		{
			"from": [4.74188, 7.69804, 6.8],
			"to": [4.859, 8.0494, 9.2],
			"rotation": {"angle": 0, "axis": "y", "origin": [1.16972, 5.707, 8]},
			"faces": {
				"east": {"uv": [0.016, 11.75, 0, 11.7], "texture": "#3"},
				"west": {"uv": [0.016, 11.75, 0, 11.7], "texture": "#3"},
				"down": {"uv": [0.016, 11.75, 0, 11.7], "texture": "#3"}
			}
		},
		{
			"from": [5.09324, 7.4638, 9.2],
			"to": [4.50764, 7.11244, 6.8],
			"rotation": {"angle": 0, "axis": "y", "origin": [1.16972, 5.707, 8]},
			"faces": {
				"north": {"uv": [0, 11.7, 0.016, 11.75], "texture": "#3"},
				"east": {"uv": [0, 11.7, 0.016, 11.75], "texture": "#3"},
				"south": {"uv": [0, 11.7, 0.016, 11.75], "texture": "#3"},
				"west": {"uv": [0, 11.7, 0.016, 11.75], "texture": "#3"},
				"up": {"uv": [0, 11.7, 0.016, 11.75], "texture": "#3"}
			}
		},
		{
			"from": [4.39052, 5.707, 6.8],
			"to": [5.21036, 7.4638, 9.2],
			"rotation": {"angle": 0, "axis": "y", "origin": [1.16972, 5.707, 8]},
			"faces": {
				"east": {"uv": [0.016, 11.75, 0, 11.7], "texture": "#3"},
				"west": {"uv": [0.016, 11.75, 0, 11.7], "texture": "#3"},
				"up": {"uv": [0, 11.85, 0.112, 11.8], "texture": "#3"}
			}
		},
		{
			"from": [1.931, 5.82412, 7.04],
			"to": [3.6878, 8.28364, 8.96],
			"rotation": {"angle": 0, "axis": "y", "origin": [1.16972, 5.707, 8]},
			"faces": {
				"north": {"uv": [6.464, 0.8, 6.944, 2.9], "texture": "#3"},
				"south": {"uv": [6.944, 0.8, 6.464, 2.9], "texture": "#3"},
				"up": {"uv": [6.944, 0.8, 6.464, 0], "texture": "#3"},
				"down": {"uv": [6.944, 3.7, 6.464, 2.9], "texture": "#3"}
			}
		},
		{
			"from": [3.80492, 8.40076, 9.2],
			"to": [1.81388, 5.707, 6.8],
			"rotation": {"angle": 0, "axis": "y", "origin": [1.16972, 5.707, 8]},
			"faces": {
				"north": {"uv": [2.816, 12.85, 2.544, 11.7], "texture": "#3"},
				"east": {"uv": [0.016, 11.75, 0, 11.7], "texture": "#3"},
				"south": {"uv": [2.544, 12.85, 2.816, 11.7], "texture": "#3"},
				"west": {"uv": [0.016, 11.75, 0, 11.7], "texture": "#3"},
				"up": {"uv": [2.544, 11.75, 2.816, 11.7], "texture": "#3"},
				"down": {"uv": [2.544, 11.75, 2.816, 11.7], "texture": "#3"}
			}
		},
		{
			"from": [2.39948, 8.0494, 6.8],
			"to": [3.21932, 8.40076, 9.2],
			"rotation": {"angle": 0, "axis": "y", "origin": [1.16972, 5.707, 8]},
			"faces": {
				"east": {"uv": [0.016, 11.75, 0, 11.7], "texture": "#3"},
				"west": {"uv": [0.016, 11.75, 0, 11.7], "texture": "#3"},
				"down": {"uv": [2.624, 11.9, 2.736, 11.85], "texture": "#3"}
			}
		},
		{
			"from": [2.75084, 7.69804, 6.8],
			"to": [2.86796, 8.0494, 9.2],
			"rotation": {"angle": 0, "axis": "y", "origin": [1.16972, 5.707, 8]},
			"faces": {
				"east": {"uv": [0.016, 11.75, 0, 11.7], "texture": "#3"},
				"west": {"uv": [0.016, 11.75, 0, 11.7], "texture": "#3"},
				"down": {"uv": [0.016, 11.75, 0, 11.7], "texture": "#3"}
			}
		},
		{
			"from": [3.1022, 7.4638, 9.2],
			"to": [2.5166, 7.11244, 6.8],
			"rotation": {"angle": 0, "axis": "y", "origin": [1.16972, 5.707, 8]},
			"faces": {
				"north": {"uv": [0, 11.7, 0.016, 11.75], "texture": "#3"},
				"east": {"uv": [0, 11.7, 0.016, 11.75], "texture": "#3"},
				"south": {"uv": [0, 11.7, 0.016, 11.75], "texture": "#3"},
				"west": {"uv": [0, 11.7, 0.016, 11.75], "texture": "#3"},
				"up": {"uv": [0, 11.7, 0.016, 11.75], "texture": "#3"}
			}
		},
		{
			"from": [2.39948, 5.707, 6.8],
			"to": [3.21932, 7.4638, 9.2],
			"rotation": {"angle": 0, "axis": "y", "origin": [1.16972, 5.707, 8]},
			"faces": {
				"east": {"uv": [0.016, 11.75, 0, 11.7], "texture": "#3"},
				"west": {"uv": [0.016, 11.75, 0, 11.7], "texture": "#3"},
				"up": {"uv": [0, 11.85, 0.112, 11.8], "texture": "#3"}
			}
		},
		{
			"from": [-0.06004, 5.82412, 7.04],
			"to": [1.69676, 8.28364, 8.96],
			"rotation": {"angle": 0, "axis": "y", "origin": [1.16972, 5.707, 8]},
			"faces": {
				"north": {"uv": [10.56, 0.8, 11.04, 2.9], "texture": "#3"},
				"south": {"uv": [11.04, 0.8, 10.56, 2.9], "texture": "#3"},
				"up": {"uv": [11.04, 0.8, 10.56, 0], "texture": "#3"},
				"down": {"uv": [11.04, 3.7, 10.56, 2.9], "texture": "#3"}
			}
		},
		{
			"from": [1.46252, 6.2926, 9.2],
			"to": [0.1742, 5.707, 6.8],
			"rotation": {"angle": 0, "axis": "y", "origin": [1.16972, 5.707, 8]},
			"faces": {
				"north": {"uv": [0, 11.7, 0.016, 11.75], "texture": "#3"},
				"east": {"uv": [0, 11.7, 0.016, 11.95], "texture": "#3"},
				"south": {"uv": [0, 11.7, 0.016, 11.75], "texture": "#3"},
				"west": {"uv": [0, 11.7, 0.016, 11.95], "texture": "#3"},
				"up": {"uv": [0, 11.7, 0.016, 11.75], "texture": "#3"},
				"down": {"uv": [2.704, 11.7, 2.88, 11.75], "texture": "#3"}
			}
		},
		{
			"from": [1.81388, 8.40076, 9.2],
			"to": [1.22828, 6.05836, 6.8],
			"rotation": {"angle": 0, "axis": "y", "origin": [1.16972, 5.707, 8]},
			"faces": {
				"north": {"uv": [0, 11.7, 0.016, 11.75], "texture": "#3"},
				"east": {"uv": [0.496, 11.75, 0.512, 12.75], "texture": "#3"},
				"south": {"uv": [0, 11.7, 0.016, 11.75], "texture": "#3"},
				"west": {"uv": [0, 11.7, 0.016, 11.75], "texture": "#3"},
				"up": {"uv": [0.016, 11.7, 0.096, 11.75], "texture": "#3"},
				"down": {"uv": [0, 11.7, 0.016, 11.75], "texture": "#3"}
			}
		},
		{
			"from": [0.40844, 8.40076, 9.2],
			"to": [-0.17716, 6.05836, 6.8],
			"rotation": {"angle": 0, "axis": "y", "origin": [1.16972, 5.707, 8]},
			"faces": {
				"north": {"uv": [0, 11.7, 0.016, 11.75], "texture": "#3"},
				"east": {"uv": [0, 11.7, 0.016, 11.75], "texture": "#3"},
				"south": {"uv": [0, 11.7, 0.016, 11.75], "texture": "#3"},
				"west": {"uv": [0.496, 11.75, 0.512, 12.75], "texture": "#3"},
				"up": {"uv": [0.208, 11.7, 0.288, 11.75], "texture": "#3"},
				"down": {"uv": [0, 11.7, 0.016, 11.75], "texture": "#3"}
			}
		},
		{
			"from": [-2.05108, 5.82412, 7.04],
			"to": [-0.29428, 8.28364, 8.96],
			"rotation": {"angle": 0, "axis": "y", "origin": [1.16972, 5.707, 8]},
			"faces": {
				"north": {"uv": [6.976, 0.8, 7.456, 2.9], "texture": "#3"},
				"south": {"uv": [7.456, 0.8, 6.976, 2.9], "texture": "#3"},
				"up": {"uv": [7.456, 0.8, 6.976, 0], "texture": "#3"},
				"down": {"uv": [7.456, 3.7, 6.976, 2.9], "texture": "#3"}
			}
		},
		{
			"from": [-0.17716, 8.40076, 9.2],
			"to": [-0.76276, 5.707, 6.8],
			"rotation": {"angle": 0, "axis": "y", "origin": [1.16972, 5.707, 8]},
			"faces": {
				"north": {"uv": [0.016, 11.75, 0, 11.7], "texture": "#3"},
				"east": {"uv": [2.848, 12.85, 2.832, 11.7], "texture": "#3"},
				"south": {"uv": [0.016, 11.75, 0, 11.7], "texture": "#3"},
				"west": {"uv": [0.016, 11.75, 0, 11.7], "texture": "#3"},
				"up": {"uv": [0.016, 11.75, 0, 11.7], "texture": "#3"},
				"down": {"uv": [0.016, 11.75, 0, 11.7], "texture": "#3"}
			}
		},
		{
			"from": [-1.5826, 8.40076, 9.2],
			"to": [-2.1682, 5.707, 6.8],
			"rotation": {"angle": 0, "axis": "y", "origin": [1.16972, 5.707, 8]},
			"faces": {
				"north": {"uv": [0.016, 11.75, 0, 11.7], "texture": "#3"},
				"east": {"uv": [0.016, 11.75, 0, 11.7], "texture": "#3"},
				"south": {"uv": [0.016, 11.75, 0, 11.7], "texture": "#3"},
				"west": {"uv": [2.832, 12.85, 2.816, 11.7], "texture": "#3"},
				"up": {"uv": [0.016, 11.75, 0, 11.7], "texture": "#3"},
				"down": {"uv": [0.016, 11.75, 0, 11.7], "texture": "#3"}
			}
		},
		{
			"from": [-0.87988, 7.69804, 9.2],
			"to": [-1.46548, 7.11244, 6.8],
			"rotation": {"angle": 0, "axis": "y", "origin": [1.16972, 5.707, 8]},
			"faces": {
				"north": {"uv": [0.016, 11.75, 0, 11.7], "texture": "#3"},
				"east": {"uv": [0.016, 11.95, 0, 11.7], "texture": "#3"},
				"south": {"uv": [0.016, 11.75, 0, 11.7], "texture": "#3"},
				"west": {"uv": [0.016, 12.85, 0, 12.6], "texture": "#3"},
				"up": {"uv": [0.288, 11.75, 0.208, 11.7], "texture": "#3"},
				"down": {"uv": [0.096, 11.75, 0.016, 11.7], "texture": "#3"}
			}
		},
		{
			"from": [-0.76276, 8.0494, 9.2],
			"to": [-1.11412, 7.4638, 6.8],
			"rotation": {"angle": 0, "axis": "y", "origin": [1.16972, 5.707, 8]},
			"faces": {
				"north": {"uv": [0.016, 11.75, 0, 11.7], "texture": "#3"},
				"east": {"uv": [0.016, 11.95, 0, 11.7], "texture": "#3"},
				"south": {"uv": [0.016, 11.75, 0, 11.7], "texture": "#3"},
				"up": {"uv": [0.256, 11.75, 0.208, 11.7], "texture": "#3"},
				"down": {"uv": [0.016, 11.75, 0, 11.7], "texture": "#3"}
			}
		},
		{
			"from": [-1.23124, 7.34668, 9.2],
			"to": [-1.5826, 6.76108, 6.8],
			"rotation": {"angle": 0, "axis": "y", "origin": [1.16972, 5.707, 8]},
			"faces": {
				"north": {"uv": [0.016, 11.75, 0, 11.7], "texture": "#3"},
				"south": {"uv": [0.016, 11.75, 0, 11.7], "texture": "#3"},
				"west": {"uv": [0.016, 12.85, 0, 12.6], "texture": "#3"},
				"up": {"uv": [0.016, 11.75, 0, 11.7], "texture": "#3"},
				"down": {"uv": [0.096, 11.75, 0.048, 11.7], "texture": "#3"}
			}
		},
		{
			"from": [-3.3394, 5.82412, 7.04],
			"to": [-2.28532, 8.28364, 8.96],
			"rotation": {"angle": 0, "axis": "y", "origin": [1.16972, 5.707, 8]},
			"faces": {
				"north": {"uv": [4.608, 0.8, 4.896, 2.9], "texture": "#3"},
				"south": {"uv": [4.896, 0.8, 4.608, 2.9], "texture": "#3"},
				"up": {"uv": [4.896, 0.8, 4.608, 0], "texture": "#3"},
				"down": {"uv": [4.896, 3.7, 4.608, 2.9], "texture": "#3"}
			}
		},
		{
			"from": [-2.1682, 8.40076, 9.2],
			"to": [-3.45652, 5.707, 6.8],
			"rotation": {"angle": 0, "axis": "y", "origin": [1.16972, 5.707, 8]},
			"faces": {
				"north": {"uv": [2.512, 12.85, 2.336, 11.7], "texture": "#3"},
				"east": {"uv": [2.336, 11.7, 2.352, 12.85], "texture": "#3"},
				"south": {"uv": [2.336, 12.85, 2.512, 11.7], "texture": "#3"},
				"west": {"uv": [2.336, 11.7, 2.352, 12.85], "texture": "#3"},
				"up": {"uv": [0, 11.7, 0.016, 11.75], "texture": "#3"},
				"down": {"uv": [0, 11.7, 0.016, 11.75], "texture": "#3"}
			}
		},
		{
			"from": [-2.51956, 6.2926, 6.8],
			"to": [-2.1682, 7.81516, 9.2],
			"rotation": {"angle": 0, "axis": "y", "origin": [1.16972, 5.707, 8]},
			"faces": {
				"west": {"uv": [0, 11.7, 0.016, 11.75], "texture": "#3"},
				"up": {"uv": [0, 11.7, 0.016, 11.75], "texture": "#3"},
				"down": {"uv": [0, 11.7, 0.016, 11.75], "texture": "#3"}
			}
		},
		{
			"from": [-3.45652, 6.2926, 6.8],
			"to": [-3.10516, 7.81516, 9.2],
			"rotation": {"angle": 0, "axis": "y", "origin": [1.16972, 5.707, 8]},
			"faces": {
				"east": {"uv": [0, 11.7, 0.016, 11.75], "texture": "#3"},
				"up": {"uv": [0, 11.7, 0.016, 11.75], "texture": "#3"},
				"down": {"uv": [0, 11.7, 0.016, 11.75], "texture": "#3"}
			}
		},
		{
			"from": [-5.33044, 5.82412, 7.04],
			"to": [-3.57364, 8.28364, 8.96],
			"rotation": {"angle": 0, "axis": "y", "origin": [1.16972, 5.707, 8]},
			"faces": {
				"north": {"uv": [10.048, 0.8, 10.528, 2.9], "texture": "#3"},
				"south": {"uv": [10.528, 0.8, 10.048, 2.9], "texture": "#3"},
				"up": {"uv": [10.528, 0.8, 10.048, 0], "texture": "#3"},
				"down": {"uv": [10.528, 3.7, 10.048, 2.9], "texture": "#3"}
			}
		},
		{
			"from": [-3.45652, 8.40076, 9.2],
			"to": [-5.44756, 7.81516, 6.8],
			"rotation": {"angle": 0, "axis": "y", "origin": [1.16972, 5.707, 8]},
			"faces": {
				"north": {"uv": [0, 11.7, 0.016, 11.75], "texture": "#3"},
				"east": {"uv": [0, 11.7, 0.016, 11.75], "texture": "#3"},
				"south": {"uv": [0, 11.7, 0.016, 11.75], "texture": "#3"},
				"west": {"uv": [0, 11.7, 0.016, 11.75], "texture": "#3"},
				"up": {"uv": [3.376, 11.7, 3.648, 11.75], "texture": "#3"},
				"down": {"uv": [0, 11.7, 0.016, 11.75], "texture": "#3"}
			}
		},
		{
			"from": [-4.15924, 7.81516, 9.2],
			"to": [-4.74484, 5.707, 6.8],
			"rotation": {"angle": 0, "axis": "y", "origin": [1.16972, 5.707, 8]},
			"faces": {
				"north": {"uv": [0, 11.7, 0.016, 11.75], "texture": "#3"},
				"east": {"uv": [0, 11.7, 0.016, 11.75], "texture": "#3"},
				"south": {"uv": [0, 11.7, 0.016, 11.75], "texture": "#3"},
				"west": {"uv": [0, 11.7, 0.016, 11.75], "texture": "#3"},
				"up": {"uv": [0, 11.7, 0.016, 11.75], "texture": "#3"}
			}
		},
		{
			"from": [-7.32148, 5.82412, 7.04],
			"to": [-5.56468, 8.28364, 8.96],
			"rotation": {"angle": 0, "axis": "y", "origin": [1.16972, 5.707, 8]},
			"faces": {
				"north": {"uv": [12.608, 0.8, 13.088, 2.9], "texture": "#3"},
				"south": {"uv": [13.088, 0.8, 12.608, 2.9], "texture": "#3"},
				"up": {"uv": [13.088, 0.8, 12.608, 0], "texture": "#3"},
				"down": {"uv": [13.088, 3.7, 12.608, 2.9], "texture": "#3"}
			}
		},
		{
			"from": [-5.79892, 8.0494, 9.2],
			"to": [-6.38452, 7.4638, 6.8],
			"rotation": {"angle": 0, "axis": "y", "origin": [1.16972, 5.707, 8]},
			"faces": {
				"north": {"uv": [0, 11.7, 0.016, 11.75], "texture": "#3"},
				"east": {"uv": [0, 12.6, 0.016, 12.85], "texture": "#3"},
				"south": {"uv": [0, 11.7, 0.016, 11.75], "texture": "#3"},
				"west": {"uv": [0, 11.7, 0.016, 11.95], "texture": "#3"},
				"up": {"uv": [0.016, 11.7, 0.096, 11.75], "texture": "#3"},
				"down": {"uv": [0.208, 11.7, 0.288, 11.75], "texture": "#3"}
			}
		},
		{
			"from": [-5.44756, 8.40076, 9.2],
			"to": [-6.03316, 7.81516, 6.8],
			"rotation": {"angle": 0, "axis": "y", "origin": [1.16972, 5.707, 8]},
			"faces": {
				"north": {"uv": [0, 11.7, 0.016, 11.75], "texture": "#3"},
				"east": {"uv": [0, 12.6, 0.016, 12.85], "texture": "#3"},
				"south": {"uv": [0, 11.7, 0.016, 11.75], "texture": "#3"},
				"west": {"uv": [0, 11.7, 0.016, 11.75], "texture": "#3"},
				"up": {"uv": [0.016, 11.7, 0.096, 11.75], "texture": "#3"},
				"down": {"uv": [0, 11.7, 0.016, 11.75], "texture": "#3"}
			}
		},
		{
			"from": [-6.853, 8.40076, 9.2],
			"to": [-7.4386, 7.81516, 6.8],
			"rotation": {"angle": 0, "axis": "y", "origin": [1.16972, 5.707, 8]},
			"faces": {
				"north": {"uv": [0, 11.7, 0.016, 11.75], "texture": "#3"},
				"east": {"uv": [0, 11.7, 0.016, 11.75], "texture": "#3"},
				"south": {"uv": [0, 11.7, 0.016, 11.75], "texture": "#3"},
				"west": {"uv": [0, 12.6, 0.016, 12.85], "texture": "#3"},
				"up": {"uv": [0.208, 11.7, 0.288, 11.75], "texture": "#3"},
				"down": {"uv": [0, 11.7, 0.016, 11.75], "texture": "#3"}
			}
		},
		{
			"from": [-6.50164, 8.0494, 9.2],
			"to": [-7.08724, 7.4638, 6.8],
			"rotation": {"angle": 0, "axis": "y", "origin": [1.16972, 5.707, 8]},
			"faces": {
				"north": {"uv": [0, 11.7, 0.016, 11.75], "texture": "#3"},
				"east": {"uv": [0, 11.7, 0.016, 11.95], "texture": "#3"},
				"south": {"uv": [0, 11.7, 0.016, 11.75], "texture": "#3"},
				"west": {"uv": [0, 12.6, 0.016, 12.85], "texture": "#3"},
				"up": {"uv": [0.208, 11.7, 0.288, 11.75], "texture": "#3"},
				"down": {"uv": [0.016, 11.7, 0.096, 11.75], "texture": "#3"}
			}
		},
		{
			"from": [-6.15028, 7.69804, 9.2],
			"to": [-6.73588, 5.707, 6.8],
			"rotation": {"angle": 0, "axis": "y", "origin": [1.16972, 5.707, 8]},
			"faces": {
				"north": {"uv": [0, 11.7, 0.016, 11.75], "texture": "#3"},
				"east": {"uv": [0.496, 12.6, 0.512, 11.75], "texture": "#3"},
				"south": {"uv": [0, 11.7, 0.016, 11.75], "texture": "#3"},
				"west": {"uv": [0.496, 12.6, 0.512, 11.75], "texture": "#3"},
				"up": {"uv": [0, 11.7, 0.016, 11.75], "texture": "#3"},
				"down": {"uv": [3.376, 11.75, 3.456, 11.8], "texture": "#3"}
			}
		},
		{
			"from": [15.37052, 5.8534, 7.04],
			"to": [17.56652, 8.9278, 8.96],
			"rotation": {"angle": 0, "axis": "y", "origin": [13.97972, 5.707, 8]},
			"faces": {
				"north": {"uv": [1.024, 4.6, 1.504, 6.7], "texture": "#3"},
				"south": {"uv": [1.504, 4.6, 1.024, 6.7], "texture": "#3"},
				"up": {"uv": [1.504, 4.6, 1.024, 3.8], "texture": "#3"},
				"down": {"uv": [1.504, 7.5, 1.024, 6.7], "texture": "#3"}
			}
		},
		{
			"from": [17.27372, 7.3174, 9.2],
			"to": [16.54172, 6.5854, 6.8],
			"rotation": {"angle": 0, "axis": "y", "origin": [13.97972, 5.707, 8]},
			"faces": {
				"north": {"uv": [0.016, 11.75, 0, 11.7], "texture": "#3"},
				"east": {"uv": [0.016, 12.85, 0, 12.6], "texture": "#3"},
				"south": {"uv": [0.016, 11.75, 0, 11.7], "texture": "#3"},
				"west": {"uv": [0.016, 11.95, 0, 11.7], "texture": "#3"},
				"up": {"uv": [0.096, 11.75, 0.016, 11.7], "texture": "#3"},
				"down": {"uv": [0.288, 11.75, 0.208, 11.7], "texture": "#3"}
			}
		},
		{
			"from": [15.95612, 8.635, 9.2],
			"to": [15.22412, 7.4638, 6.8],
			"rotation": {"angle": 0, "axis": "y", "origin": [13.97972, 5.707, 8]},
			"faces": {
				"north": {"uv": [0.016, 11.75, 0, 11.7], "texture": "#3"},
				"east": {"uv": [0.016, 11.75, 0, 11.7], "texture": "#3"},
				"south": {"uv": [0.016, 11.75, 0, 11.7], "texture": "#3"},
				"west": {"uv": [3.92, 12.45, 3.904, 12.05], "texture": "#3"},
				"up": {"uv": [0.096, 11.75, 0.016, 11.7], "texture": "#3"},
				"down": {"uv": [0.096, 11.75, 0.016, 11.7], "texture": "#3"}
			}
		},
		{
			"from": [17.71292, 8.635, 9.2],
			"to": [16.98092, 7.903, 6.8],
			"rotation": {"angle": 0, "axis": "y", "origin": [13.97972, 5.707, 8]},
			"faces": {
				"north": {"uv": [0.016, 11.75, 0, 11.7], "texture": "#3"},
				"east": {"uv": [0.016, 12.85, 0, 12.6], "texture": "#3"},
				"south": {"uv": [0.016, 11.75, 0, 11.7], "texture": "#3"},
				"west": {"uv": [0.016, 11.75, 0, 11.7], "texture": "#3"},
				"up": {"uv": [0.016, 11.75, 0, 11.7], "texture": "#3"},
				"down": {"uv": [0.288, 11.75, 0.208, 11.7], "texture": "#3"}
			}
		},
		{
			"from": [16.83452, 7.7566, 9.2],
			"to": [15.66332, 7.0246, 6.8],
			"rotation": {"angle": 0, "axis": "y", "origin": [13.97972, 5.707, 8]},
			"faces": {
				"north": {"uv": [0.016, 11.75, 0, 11.7], "texture": "#3"},
				"east": {"uv": [0.016, 12.85, 0, 12.6], "texture": "#3"},
				"south": {"uv": [0.016, 11.75, 0, 11.7], "texture": "#3"},
				"west": {"uv": [0.016, 11.95, 0, 11.7], "texture": "#3"},
				"up": {"uv": [0.272, 11.8, 0.144, 11.75], "texture": "#3"},
				"down": {"uv": [0.16, 11.8, 0.032, 11.75], "texture": "#3"}
			}
		},
		{
			"from": [17.27372, 9.0742, 9.2],
			"to": [15.66332, 8.3422, 6.8],
			"rotation": {"angle": 0, "axis": "y", "origin": [13.97972, 5.707, 8]},
			"faces": {
				"north": {"uv": [0.016, 11.75, 0, 11.7], "texture": "#3"},
				"east": {"uv": [0.016, 11.95, 0, 11.7], "texture": "#3"},
				"south": {"uv": [0.016, 11.75, 0, 11.7], "texture": "#3"},
				"west": {"uv": [0.016, 11.95, 0, 11.7], "texture": "#3"},
				"up": {"uv": [2.88, 11.75, 2.704, 11.7], "texture": "#3"},
				"down": {"uv": [0.016, 11.75, 0, 11.7], "texture": "#3"}
			}
		},
		{
			"from": [17.71292, 6.8782, 9.2],
			"to": [15.22412, 5.707, 6.8],
			"rotation": {"angle": 0, "axis": "y", "origin": [13.97972, 5.707, 8]},
			"faces": {
				"north": {"uv": [0.272, 13.25, 0, 12.85], "texture": "#3"},
				"east": {"uv": [0.016, 11.75, 0, 11.7], "texture": "#3"},
				"south": {"uv": [0, 13.25, 0.272, 12.85], "texture": "#3"},
				"west": {"uv": [0.016, 11.75, 0, 11.7], "texture": "#3"},
				"up": {"uv": [0.016, 11.75, 0, 11.7], "texture": "#3"},
				"down": {"uv": [0, 12.9, 0.272, 12.85], "texture": "#3"}
			}
		},
		{
			"from": [15.95612, 6.439, 6.8],
			"to": [16.98092, 6.8782, 9.2],
			"rotation": {"angle": 0, "axis": "y", "origin": [13.97972, 5.707, 8]},
			"faces": {
				"east": {"uv": [0.016, 11.95, 0, 11.8], "texture": "#3"},
				"west": {"uv": [0.016, 11.75, 0, 11.7], "texture": "#3"},
				"down": {"uv": [0.016, 11.75, 0, 11.7], "texture": "#3"}
			}
		},
		{
			"from": [12.88172, 5.8534, 7.04],
			"to": [15.07772, 8.9278, 8.96],
			"rotation": {"angle": 0, "axis": "y", "origin": [13.97972, 5.707, 8]},
			"faces": {
				"north": {"uv": [6.976, 0.8, 7.456, 2.9], "texture": "#3"},
				"south": {"uv": [7.456, 0.8, 6.976, 2.9], "texture": "#3"},
				"up": {"uv": [7.456, 0.8, 6.976, 0], "texture": "#3"},
				"down": {"uv": [7.456, 3.7, 6.976, 2.9], "texture": "#3"}
			}
		},
		{
			"from": [15.22412, 9.0742, 9.2],
			"to": [14.49212, 5.707, 6.8],
			"rotation": {"angle": 0, "axis": "y", "origin": [13.97972, 5.707, 8]},
			"faces": {
				"north": {"uv": [0.016, 11.75, 0, 11.7], "texture": "#3"},
				"east": {"uv": [2.848, 12.85, 2.832, 11.7], "texture": "#3"},
				"south": {"uv": [0.016, 11.75, 0, 11.7], "texture": "#3"},
				"west": {"uv": [0.016, 11.75, 0, 11.7], "texture": "#3"},
				"up": {"uv": [0.016, 11.75, 0, 11.7], "texture": "#3"},
				"down": {"uv": [0.016, 11.75, 0, 11.7], "texture": "#3"}
			}
		},
		{
			"from": [13.46732, 9.0742, 9.2],
			"to": [12.73532, 5.707, 6.8],
			"rotation": {"angle": 0, "axis": "y", "origin": [13.97972, 5.707, 8]},
			"faces": {
				"north": {"uv": [0.016, 11.75, 0, 11.7], "texture": "#3"},
				"east": {"uv": [0.016, 11.75, 0, 11.7], "texture": "#3"},
				"south": {"uv": [0.016, 11.75, 0, 11.7], "texture": "#3"},
				"west": {"uv": [2.832, 12.85, 2.816, 11.7], "texture": "#3"},
				"up": {"uv": [0.016, 11.75, 0, 11.7], "texture": "#3"},
				"down": {"uv": [0.016, 11.75, 0, 11.7], "texture": "#3"}
			}
		},
		{
			"from": [14.34572, 8.1958, 9.2],
			"to": [13.61372, 7.4638, 6.8],
			"rotation": {"angle": 0, "axis": "y", "origin": [13.97972, 5.707, 8]},
			"faces": {
				"north": {"uv": [0.016, 11.75, 0, 11.7], "texture": "#3"},
				"east": {"uv": [0.016, 11.95, 0, 11.7], "texture": "#3"},
				"south": {"uv": [0.016, 11.75, 0, 11.7], "texture": "#3"},
				"west": {"uv": [0.016, 12.85, 0, 12.6], "texture": "#3"},
				"up": {"uv": [0.288, 11.75, 0.208, 11.7], "texture": "#3"},
				"down": {"uv": [0.096, 11.75, 0.016, 11.7], "texture": "#3"}
			}
		},
		{
			"from": [14.49212, 8.635, 9.2],
			"to": [14.05292, 7.903, 6.8],
			"rotation": {"angle": 0, "axis": "y", "origin": [13.97972, 5.707, 8]},
			"faces": {
				"north": {"uv": [0.016, 11.75, 0, 11.7], "texture": "#3"},
				"east": {"uv": [0.016, 11.95, 0, 11.7], "texture": "#3"},
				"south": {"uv": [0.016, 11.75, 0, 11.7], "texture": "#3"},
				"up": {"uv": [0.256, 11.75, 0.208, 11.7], "texture": "#3"},
				"down": {"uv": [0.016, 11.75, 0, 11.7], "texture": "#3"}
			}
		},
		{
			"from": [13.90652, 7.7566, 9.2],
			"to": [13.46732, 7.0246, 6.8],
			"rotation": {"angle": 0, "axis": "y", "origin": [13.97972, 5.707, 8]},
			"faces": {
				"north": {"uv": [0.016, 11.75, 0, 11.7], "texture": "#3"},
				"south": {"uv": [0.016, 11.75, 0, 11.7], "texture": "#3"},
				"west": {"uv": [0.016, 12.85, 0, 12.6], "texture": "#3"},
				"up": {"uv": [0.016, 11.75, 0, 11.7], "texture": "#3"},
				"down": {"uv": [0.096, 11.75, 0.048, 11.7], "texture": "#3"}
			}
		},
		{
			"from": [10.39292, 5.8534, 7.04],
			"to": [12.58892, 8.9278, 8.96],
			"rotation": {"angle": 0, "axis": "y", "origin": [13.97972, 5.707, 8]},
			"faces": {
				"north": {"uv": [2.048, 0.8, 2.528, 2.9], "texture": "#3"},
				"south": {"uv": [2.528, 0.8, 2.048, 2.9], "texture": "#3"},
				"up": {"uv": [2.528, 0.8, 2.048, 0], "texture": "#3"},
				"down": {"uv": [2.528, 3.7, 2.048, 2.9], "texture": "#3"}
			}
		},
		{
			"from": [12.73532, 9.0742, 9.2],
			"to": [10.68572, 5.707, 6.8],
			"rotation": {"angle": 0, "axis": "y", "origin": [13.97972, 5.707, 8]},
			"faces": {
				"north": {"uv": [1.248, 12.85, 1.024, 11.7], "texture": "#3"},
				"east": {"uv": [1.248, 11.7, 1.264, 12.85], "texture": "#3"},
				"south": {"uv": [1.024, 12.85, 1.248, 11.7], "texture": "#3"},
				"west": {"uv": [0.016, 11.75, 0, 11.7], "texture": "#3"},
				"up": {"uv": [0.016, 11.75, 0, 11.7], "texture": "#3"},
				"down": {"uv": [0.016, 11.75, 0, 11.7], "texture": "#3"}
			}
		},
		{
			"from": [10.97852, 6.439, 6.8],
			"to": [12.00332, 8.3422, 9.2],
			"rotation": {"angle": 0, "axis": "y", "origin": [13.97972, 5.707, 8]},
			"faces": {
				"east": {"uv": [0, 11.7, 0.016, 11.75], "texture": "#3"},
				"west": {"uv": [0, 11.7, 0.016, 11.75], "texture": "#3"},
				"up": {"uv": [0.016, 11.75, 0, 11.7], "texture": "#3"},
				"down": {"uv": [0.016, 11.75, 0, 11.7], "texture": "#3"}
			}
		},
		{
			"from": [10.68572, 8.635, 9.2],
			"to": [10.24652, 6.1462, 6.8],
			"rotation": {"angle": 0, "axis": "y", "origin": [13.97972, 5.707, 8]},
			"faces": {
				"north": {"uv": [0, 11.7, 0.016, 11.75], "texture": "#3"},
				"east": {"uv": [0, 11.7, 0.016, 11.75], "texture": "#3"},
				"south": {"uv": [0, 11.7, 0.016, 11.75], "texture": "#3"},
				"up": {"uv": [0, 11.7, 0.016, 11.75], "texture": "#3"},
				"down": {"uv": [0, 11.7, 0.016, 11.75], "texture": "#3"}
			}
		},
		{
			"from": [26.81, 0.4393, 6.68],
			"to": [29.69, 5.2393, 9.32],
			"rotation": {"angle": 0, "axis": "y", "origin": [8.33, 0.1993, 8]},
			"faces": {
				"north": {"uv": [5.504, 1.1, 5.888, 3.1], "texture": "#4"},
				"south": {"uv": [5.888, 1.1, 5.504, 3.1], "texture": "#4"},
				"up": {"uv": [5.888, 1.1, 5.504, 0], "texture": "#4"},
				"down": {"uv": [5.888, 4.2, 5.504, 3.1], "texture": "#4"}
			}
		},
		{
			"from": [26.57, 1.6393, 6.44],
			"to": [28.01, 5.4793, 9.56],
			"rotation": {"angle": 0, "axis": "y", "origin": [8.33, 0.1993, 8]},
			"faces": {
				"east": {"uv": [0, 13.3, 0.016, 13.35], "texture": "#4"},
				"down": {"uv": [0, 13.3, 0.016, 13.35], "texture": "#4"}
			}
		},
		{
			"from": [29.93, 5.4793, 9.56],
			"to": [26.57, 0.1993, 6.44],
			"rotation": {"angle": 0, "axis": "y", "origin": [8.33, 0.1993, 8]},
			"faces": {
				"north": {"uv": [0.144, 13.85, 0.256, 13.3], "texture": "#4"},
				"east": {"uv": [0.144, 13.85, 0.16, 13.3], "texture": "#4"},
				"south": {"uv": [0.256, 13.85, 0.144, 13.3], "texture": "#4"},
				"west": {"uv": [0, 13.3, 0.016, 13.35], "texture": "#4"},
				"up": {"uv": [0, 13.3, 0.016, 13.35], "texture": "#4"},
				"down": {"uv": [0.256, 13.3, 0.144, 13.35], "texture": "#4"}
			}
		},
		{
			"from": [22.97, 0.4393, 6.68],
			"to": [26.33, 5.2393, 9.32],
			"rotation": {"angle": 0, "axis": "y", "origin": [8.33, 0.1993, 8]},
			"faces": {
				"north": {"uv": [2.4, 1.1, 2.848, 3.1], "texture": "#4"},
				"south": {"uv": [2.848, 1.1, 2.4, 3.1], "texture": "#4"},
				"up": {"uv": [2.848, 1.1, 2.4, 0], "texture": "#4"},
				"down": {"uv": [2.848, 4.2, 2.4, 3.1], "texture": "#4"}
			}
		},
		{
			"from": [22.73, 3.5593, 6.44],
			"to": [24.65, 4.0393, 9.56],
			"rotation": {"angle": 0, "axis": "y", "origin": [8.33, 0.1993, 8]},
			"faces": {
				"east": {"uv": [0, 13.3, 0.016, 13.35], "texture": "#4"},
				"up": {"uv": [0, 13.3, 0.016, 13.35], "texture": "#4"},
				"down": {"uv": [0, 13.3, 0.016, 13.35], "texture": "#4"}
			}
		},
		{
			"from": [22.73, 1.6393, 6.44],
			"to": [24.65, 2.1193, 9.56],
			"rotation": {"angle": 0, "axis": "y", "origin": [8.33, 0.1993, 8]},
			"faces": {
				"east": {"uv": [0, 13.3, 0.016, 13.35], "texture": "#4"},
				"up": {"uv": [0, 13.3, 0.016, 13.35], "texture": "#4"},
				"down": {"uv": [0, 13.3, 0.016, 13.35], "texture": "#4"}
			}
		},
		{
			"from": [26.57, 5.4793, 9.56],
			"to": [22.73, 0.1993, 6.44],
			"rotation": {"angle": 0, "axis": "y", "origin": [8.33, 0.1993, 8]},
			"faces": {
				"north": {"uv": [0.048, 13.3, 0.08, 13.85], "texture": "#4"},
				"east": {"uv": [0.064, 13.3, 0.048, 13.85], "texture": "#4"},
				"south": {"uv": [0.08, 13.3, 0.048, 13.85], "texture": "#4"},
				"west": {"uv": [0, 13.3, 0.016, 13.35], "texture": "#4"},
				"up": {"uv": [0, 13.3, 0.016, 13.35], "texture": "#4"},
				"down": {"uv": [0, 13.3, 0.016, 13.35], "texture": "#4"}
			}
		},
		{
			"from": [19.13, 0.4393, 6.68],
			"to": [22.49, 5.2393, 9.32],
			"rotation": {"angle": 0, "axis": "y", "origin": [8.33, 0.1993, 8]},
			"faces": {
				"north": {"uv": [3.36, 1.1, 3.808, 3.1], "texture": "#4"},
				"south": {"uv": [3.808, 1.1, 3.36, 3.1], "texture": "#4"},
				"up": {"uv": [3.808, 1.1, 3.36, 0], "texture": "#4"},
				"down": {"uv": [3.808, 4.2, 3.36, 3.1], "texture": "#4"}
			}
		},
		{
			"from": [18.89, 3.5593, 6.44],
			"to": [20.81, 4.0393, 9.56],
			"rotation": {"angle": 0, "axis": "y", "origin": [8.33, 0.1993, 8]},
			"faces": {
				"east": {"uv": [0, 13.3, 0.016, 13.35], "texture": "#4"},
				"up": {"uv": [0, 13.3, 0.016, 13.35], "texture": "#4"},
				"down": {"uv": [0, 13.3, 0.016, 13.35], "texture": "#4"}
			}
		},
		{
			"from": [22.73, 5.4793, 9.56],
			"to": [18.89, 0.1993, 6.44],
			"rotation": {"angle": 0, "axis": "y", "origin": [8.33, 0.1993, 8]},
			"faces": {
				"north": {"uv": [0.096, 13.85, 0.128, 13.3], "texture": "#4"},
				"east": {"uv": [0.112, 13.85, 0.096, 13.3], "texture": "#4"},
				"south": {"uv": [0.128, 13.85, 0.096, 13.3], "texture": "#4"},
				"west": {"uv": [0, 13.3, 0.016, 13.35], "texture": "#4"},
				"up": {"uv": [0, 13.3, 0.016, 13.35], "texture": "#4"},
				"down": {"uv": [0, 13.3, 0.016, 13.35], "texture": "#4"}
			}
		},
		{
			"from": [17.21, 0.4393, 6.68],
			"to": [18.65, 5.2393, 9.32],
			"rotation": {"angle": 0, "axis": "y", "origin": [8.33, 0.1993, 8]},
			"faces": {
				"north": {"uv": [4.32, 1.1, 4.512, 3.1], "texture": "#4"},
				"south": {"uv": [4.512, 1.1, 4.32, 3.1], "texture": "#4"},
				"up": {"uv": [4.512, 1.1, 4.32, 0], "texture": "#4"},
				"down": {"uv": [4.512, 4.2, 4.32, 3.1], "texture": "#4"}
			}
		},
		{
			"from": [18.89, 5.4793, 9.56],
			"to": [16.97, 0.1993, 6.44],
			"rotation": {"angle": 0, "axis": "y", "origin": [8.33, 0.1993, 8]},
			"faces": {
				"north": {"uv": [0, 13.3, 0.016, 13.35], "texture": "#4"},
				"east": {"uv": [0, 13.3, 0.016, 13.35], "texture": "#4"},
				"south": {"uv": [0, 13.3, 0.016, 13.35], "texture": "#4"},
				"west": {"uv": [0, 13.3, 0.016, 13.35], "texture": "#4"},
				"up": {"uv": [0, 13.3, 0.016, 13.35], "texture": "#4"},
				"down": {"uv": [0, 13.3, 0.016, 13.35], "texture": "#4"}
			}
		},
		{
			"from": [13.37, 0.4393, 6.68],
			"to": [16.73, 5.2393, 9.32],
			"rotation": {"angle": 0, "axis": "y", "origin": [8.33, 0.1993, 8]},
			"faces": {
				"north": {"uv": [9.76, 1.1, 10.208, 3.1], "texture": "#4"},
				"south": {"uv": [10.208, 1.1, 9.76, 3.1], "texture": "#4"},
				"up": {"uv": [10.208, 1.1, 9.76, 0], "texture": "#4"},
				"down": {"uv": [10.208, 4.2, 9.76, 3.1], "texture": "#4"}
			}
		},
		{
			"from": [16.01, 0.1993, 6.44],
			"to": [16.97, 4.0393, 9.56],
			"rotation": {"angle": 0, "axis": "y", "origin": [8.33, 0.1993, 8]},
			"faces": {
				"west": {"uv": [0, 13.3, 0.016, 13.35], "texture": "#4"},
				"up": {"uv": [0, 13.3, 0.016, 13.35], "texture": "#4"}
			}
		},
		{
			"from": [13.13, 0.1993, 6.44],
			"to": [14.09, 4.0393, 9.56],
			"rotation": {"angle": 0, "axis": "y", "origin": [8.33, 0.1993, 8]},
			"faces": {
				"east": {"uv": [0, 13.3, 0.016, 13.35], "texture": "#4"},
				"up": {"uv": [0, 13.3, 0.016, 13.35], "texture": "#4"}
			}
		},
		{
			"from": [16.97, 5.4793, 9.56],
			"to": [13.13, 0.1993, 6.44],
			"rotation": {"angle": 0, "axis": "y", "origin": [8.33, 0.1993, 8]},
			"faces": {
				"north": {"uv": [0.032, 14.4, 0.096, 13.85], "texture": "#4"},
				"east": {"uv": [0.032, 14.4, 0.048, 13.85], "texture": "#4"},
				"south": {"uv": [0.032, 14.4, 0.096, 13.85], "texture": "#4"},
				"west": {"uv": [0.032, 14.4, 0.048, 13.85], "texture": "#4"},
				"up": {"uv": [0.032, 14.4, 0.096, 14.35], "texture": "#4"},
				"down": {"uv": [0, 13.3, 0.016, 13.35], "texture": "#4"}
			}
		},
		{
			"from": [11.45, 0.4393, 6.68],
			"to": [12.89, 5.2393, 9.32],
			"rotation": {"angle": 0, "axis": "y", "origin": [8.33, 0.1993, 8]},
			"faces": {
				"north": {"uv": [4.32, 1.1, 4.512, 3.1], "texture": "#4"},
				"south": {"uv": [4.512, 1.1, 4.32, 3.1], "texture": "#4"},
				"up": {"uv": [4.512, 1.1, 4.32, 0], "texture": "#4"},
				"down": {"uv": [4.512, 4.2, 4.32, 3.1], "texture": "#4"}
			}
		},
		{
			"from": [13.13, 5.4793, 9.56],
			"to": [11.21, 0.1993, 6.44],
			"rotation": {"angle": 0, "axis": "y", "origin": [8.33, 0.1993, 8]},
			"faces": {
				"north": {"uv": [0, 13.3, 0.016, 13.35], "texture": "#4"},
				"east": {"uv": [0, 13.3, 0.016, 13.35], "texture": "#4"},
				"south": {"uv": [0, 13.3, 0.016, 13.35], "texture": "#4"},
				"west": {"uv": [0, 13.3, 0.016, 13.35], "texture": "#4"},
				"up": {"uv": [0, 13.3, 0.016, 13.35], "texture": "#4"},
				"down": {"uv": [0, 13.3, 0.016, 13.35], "texture": "#4"}
			}
		},
		{
			"from": [7.61, 0.4393, 6.68],
			"to": [10.97, 5.2393, 9.32],
			"rotation": {"angle": 0, "axis": "y", "origin": [8.33, 0.1993, 8]},
			"faces": {
				"north": {"uv": [0, 1.1, 0.448, 3.1], "texture": "#4"},
				"south": {"uv": [0.448, 1.1, 0, 3.1], "texture": "#4"},
				"up": {"uv": [0.448, 1.1, 0, 0], "texture": "#4"},
				"down": {"uv": [0.448, 4.2, 0, 3.1], "texture": "#4"}
			}
		},
		{
			"from": [11.21, 5.4793, 9.56],
			"to": [7.37, 0.1993, 6.44],
			"rotation": {"angle": 0, "axis": "y", "origin": [8.33, 0.1993, 8]},
			"faces": {
				"north": {"uv": [0, 13.3, 0.016, 13.35], "texture": "#4"},
				"east": {"uv": [0, 13.3, 0.016, 13.35], "texture": "#4"},
				"south": {"uv": [0, 13.3, 0.016, 13.35], "texture": "#4"},
				"west": {"uv": [0, 13.3, 0.016, 13.35], "texture": "#4"},
				"up": {"uv": [0, 13.3, 0.016, 13.35], "texture": "#4"},
				"down": {"uv": [0, 13.3, 0.016, 13.35], "texture": "#4"}
			}
		},
		{
			"from": [2.33, 0.4393, 6.68],
			"to": [7.13, 5.2393, 9.32],
			"rotation": {"angle": 0, "axis": "y", "origin": [8.33, 0.1993, 8]},
			"faces": {
				"north": {"uv": [11.2, 1.1, 11.84, 3.1], "texture": "#4"},
				"east": {"uv": [0.032, 13.3, 0.048, 13.4], "texture": "#4"},
				"south": {"uv": [11.84, 1.1, 11.2, 3.1], "texture": "#4"},
				"west": {"uv": [0.032, 13.3, 0.048, 13.4], "texture": "#4"},
				"up": {"uv": [11.84, 1.1, 11.2, 0], "texture": "#4"},
				"down": {"uv": [11.84, 4.2, 11.2, 3.1], "texture": "#4"}
			}
		},
		{
			"from": [4.25, 3.7993, 6.68],
			"to": [5.21, 3.7993, 9.32],
			"rotation": {"angle": 0, "axis": "y", "origin": [8.33, 0.1993, 8]},
			"faces": {
				"up": {"uv": [12, 1.1, 11.872, 0], "texture": "#4"}
			}
		},
		{
			"from": [4.01, 4.0393, 6.44],
			"to": [5.45, 5.4793, 9.56],
			"rotation": {"angle": 0, "axis": "y", "origin": [8.33, 0.1993, 8]},
			"faces": {
				"east": {"uv": [0, 13.3, 0.016, 13.35], "texture": "#4"},
				"west": {"uv": [0, 13.3, 0.016, 13.35], "texture": "#4"},
				"down": {"uv": [0, 13.3, 0.016, 13.35], "texture": "#4"}
			}
		},
		{
			"from": [4.49, 0.1993, 6.44],
			"to": [4.97, 1.6393, 9.56],
			"rotation": {"angle": 0, "axis": "y", "origin": [8.33, 0.1993, 8]},
			"faces": {
				"east": {"uv": [0, 13.3, 0.016, 13.35], "texture": "#4"},
				"west": {"uv": [0, 13.3, 0.016, 13.35], "texture": "#4"},
				"up": {"uv": [0, 13.3, 0.016, 13.35], "texture": "#4"}
			}
		},
		{
			"from": [6.89, 0.1993, 6.44],
			"to": [7.37, 1.1593, 9.56],
			"rotation": {"angle": 0, "axis": "y", "origin": [8.33, 0.1993, 8]},
			"faces": {
				"west": {"uv": [0, 13.3, 0.016, 13.35], "texture": "#4"},
				"up": {"uv": [0, 13.3, 0.016, 13.35], "texture": "#4"}
			}
		},
		{
			"from": [2.09, 0.1993, 6.44],
			"to": [2.57, 1.1593, 9.56],
			"rotation": {"angle": 0, "axis": "y", "origin": [8.33, 0.1993, 8]},
			"faces": {
				"east": {"uv": [0, 13.3, 0.016, 13.35], "texture": "#4"},
				"up": {"uv": [0, 13.3, 0.016, 13.35], "texture": "#4"}
			}
		},
		{
			"from": [7.37, 5.4793, 9.56],
			"to": [2.09, 0.1993, 6.44],
			"rotation": {"angle": 0, "axis": "y", "origin": [8.33, 0.1993, 8]},
			"faces": {
				"north": {"uv": [0.448, 13.85, 0.624, 13.3], "texture": "#4"},
				"east": {"uv": [0.448, 13.85, 0.464, 13.3], "texture": "#4"},
				"south": {"uv": [0.448, 13.85, 0.624, 13.3], "texture": "#4"},
				"west": {"uv": [0.448, 13.85, 0.464, 13.3], "texture": "#4"},
				"up": {"uv": [0.448, 13.85, 0.624, 13.8], "texture": "#4"},
				"down": {"uv": [0.448, 13.35, 0.624, 13.3], "texture": "#4"}
			}
		},
		{
			"from": [-1.51, 0.4393, 6.68],
			"to": [1.85, 5.2393, 9.32],
			"rotation": {"angle": 0, "axis": "y", "origin": [8.33, 0.1993, 8]},
			"faces": {
				"north": {"uv": [0.48, 1.1, 0.928, 3.1], "texture": "#4"},
				"south": {"uv": [0.928, 1.1, 0.48, 3.1], "texture": "#4"},
				"up": {"uv": [0.928, 1.1, 0.48, 0], "texture": "#4"},
				"down": {"uv": [0.928, 4.2, 0.48, 3.1], "texture": "#4"}
			}
		},
		{
			"from": [2.09, 5.4793, 9.56],
			"to": [-1.75, 0.1993, 6.44],
			"rotation": {"angle": 0, "axis": "y", "origin": [8.33, 0.1993, 8]},
			"faces": {
				"north": {"uv": [0, 13.3, 0.016, 13.35], "texture": "#4"},
				"east": {"uv": [0, 13.3, 0.016, 13.35], "texture": "#4"},
				"south": {"uv": [0, 13.3, 0.016, 13.35], "texture": "#4"},
				"west": {"uv": [0, 13.3, 0.016, 13.35], "texture": "#4"},
				"up": {"uv": [0, 13.3, 0.016, 13.35], "texture": "#4"},
				"down": {"uv": [0, 13.3, 0.016, 13.35], "texture": "#4"}
			}
		},
		{
			"from": [-5.35, 0.4393, 6.68],
			"to": [-1.99, 5.2393, 9.32],
			"rotation": {"angle": 0, "axis": "y", "origin": [8.33, 0.1993, 8]},
			"faces": {
				"north": {"uv": [8.8, 1.1, 9.248, 3.1], "texture": "#4"},
				"south": {"uv": [9.248, 1.1, 8.8, 3.1], "texture": "#4"},
				"up": {"uv": [9.248, 1.1, 8.8, 0], "texture": "#4"},
				"down": {"uv": [9.248, 4.2, 8.8, 3.1], "texture": "#4"}
			}
		},
		{
			"from": [-1.75, 5.4793, 9.56],
			"to": [-5.59, 0.1993, 6.44],
			"rotation": {"angle": 0, "axis": "y", "origin": [8.33, 0.1993, 8]},
			"faces": {
				"north": {"uv": [0, 13.3, 0.016, 13.35], "texture": "#4"},
				"east": {"uv": [0, 13.3, 0.016, 13.35], "texture": "#4"},
				"south": {"uv": [0, 13.3, 0.016, 13.35], "texture": "#4"},
				"west": {"uv": [0, 13.3, 0.016, 13.35], "texture": "#4"},
				"up": {"uv": [0, 13.3, 0.016, 13.35], "texture": "#4"},
				"down": {"uv": [0, 13.3, 0.016, 13.35], "texture": "#4"}
			}
		},
		{
			"from": [-9.19, 0.4393, 6.68],
			"to": [-5.83, 5.2393, 9.32],
			"rotation": {"angle": 0, "axis": "y", "origin": [8.33, 0.1993, 8]},
			"faces": {
				"north": {"uv": [1.92, 1.1, 2.368, 3.1], "texture": "#4"},
				"south": {"uv": [2.368, 1.1, 1.92, 3.1], "texture": "#4"},
				"up": {"uv": [2.368, 1.1, 1.92, 0], "texture": "#4"},
				"down": {"uv": [2.368, 4.2, 1.92, 3.1], "texture": "#4"}
			}
		},
		{
			"from": [-8.95, 4.9993, 9.56],
			"to": [-9.43, 0.6793, 6.44],
			"rotation": {"angle": 0, "axis": "y", "origin": [8.33, 0.1993, 8]},
			"faces": {
				"north": {"uv": [0, 13.3, 0.016, 13.35], "texture": "#4"},
				"east": {"uv": [0, 13.3, 0.016, 13.35], "texture": "#4"},
				"south": {"uv": [0, 13.3, 0.016, 13.35], "texture": "#4"},
				"up": {"uv": [0, 13.3, 0.016, 13.35], "texture": "#4"},
				"down": {"uv": [0, 13.3, 0.016, 13.35], "texture": "#4"}
			}
		},
		{
			"from": [-5.59, 5.4793, 9.56],
			"to": [-8.95, 0.1993, 6.44],
			"rotation": {"angle": 0, "axis": "y", "origin": [8.33, 0.1993, 8]},
			"faces": {
				"north": {"uv": [0, 13.3, 0.016, 13.35], "texture": "#4"},
				"east": {"uv": [0.032, 13.3, 0.048, 13.85], "texture": "#4"},
				"south": {"uv": [0, 13.3, 0.016, 13.35], "texture": "#4"},
				"west": {"uv": [0, 13.3, 0.016, 13.35], "texture": "#4"},
				"up": {"uv": [0, 13.3, 0.016, 13.35], "texture": "#4"},
				"down": {"uv": [0, 13.3, 0.016, 13.35], "texture": "#4"}
			}
		},
		{
			"from": [-13.03, 0.4393, 6.68],
			"to": [-9.67, 5.2393, 9.32],
			"rotation": {"angle": 0, "axis": "y", "origin": [8.33, 0.1993, 8]},
			"faces": {
				"north": {"uv": [9.28, 1.1, 9.728, 3.1], "texture": "#4"},
				"south": {"uv": [9.728, 1.1, 9.28, 3.1], "texture": "#4"},
				"up": {"uv": [9.728, 1.1, 9.28, 0], "texture": "#4"},
				"down": {"uv": [9.728, 4.2, 9.28, 3.1], "texture": "#4"}
			}
		},
		{
			"from": [-11.35, 1.6393, 6.44],
			"to": [-9.43, 2.1193, 9.56],
			"rotation": {"angle": 0, "axis": "y", "origin": [8.33, 0.1993, 8]},
			"faces": {
				"west": {"uv": [0, 13.3, 0.016, 13.35], "texture": "#4"},
				"up": {"uv": [0, 13.3, 0.016, 13.35], "texture": "#4"},
				"down": {"uv": [0, 13.3, 0.016, 13.35], "texture": "#4"}
			}
		},
		{
			"from": [-13.27, 3.5593, 6.44],
			"to": [-11.35, 4.0393, 9.56],
			"rotation": {"angle": 0, "axis": "y", "origin": [8.33, 0.1993, 8]},
			"faces": {
				"east": {"uv": [0, 13.3, 0.016, 13.35], "texture": "#4"},
				"up": {"uv": [0, 13.3, 0.016, 13.35], "texture": "#4"},
				"down": {"uv": [0, 13.3, 0.016, 13.35], "texture": "#4"}
			}
		},
		{
			"from": [-9.43, 5.4793, 9.56],
			"to": [-13.27, 0.1993, 6.44],
			"rotation": {"angle": 0, "axis": "y", "origin": [8.33, 0.1993, 8]},
			"faces": {
				"north": {"uv": [0, 13.85, 0.032, 14.4], "texture": "#4"},
				"east": {"uv": [0, 13.85, 0.016, 14.4], "texture": "#4"},
				"south": {"uv": [0.032, 13.85, 0, 14.4], "texture": "#4"},
				"west": {"uv": [0.016, 13.85, 0.032, 14.4], "texture": "#4"},
				"up": {"uv": [0, 13.3, 0.016, 13.35], "texture": "#4"},
				"down": {"uv": [0, 13.3, 0.016, 13.35], "texture": "#4"}
			}
		}
	],
	"groups": [
		{
			"name": "the",
			"origin": [30.56, 6.0793, 8],
			"color": 0,
			"children": [
				{
					"name": "t4",
					"origin": [30.56, 6.0793, 8],
					"color": 0,
					"children": [0, 1, 2]
				},
				{
					"name": "h",
					"origin": [30.56, 6.0793, 8],
					"color": 0,
					"children": [3, 4, 5, 6]
				},
				{
					"name": "e4",
					"origin": [30.56, 6.0793, 8],
					"color": 0,
					"children": [7, 8, 9, 10]
				}
			]
		},
		{
			"name": "community",
			"origin": [-2.2, 6.0793, 8],
			"color": 0,
			"children": [
				{
					"name": "c",
					"origin": [-2.2, 6.0793, 8],
					"color": 0,
					"children": [11, 12, 13, 14, 15]
				},
				{
					"name": "o",
					"origin": [-2.2, 6.0793, 8],
					"color": 0,
					"children": [16, 17, 18, 19]
				},
				{
					"name": "m2",
					"origin": [-2.2, 6.0793, 8],
					"color": 0,
					"children": [20, 21, 22, 23, 24, 25]
				},
				{
					"name": "m",
					"origin": [-2.2, 6.0793, 8],
					"color": 0,
					"children": [26, 27, 28, 29, 30, 31]
				},
				{
					"name": "u",
					"origin": [-2.2, 6.0793, 8],
					"color": 0,
					"children": [32, 33, 34, 35]
				},
				{
					"name": "n4",
					"origin": [-2.2, 6.0793, 8],
					"color": 0,
					"children": [36, 37, 38, 39, 40, 41]
				},
				{
					"name": "i6",
					"origin": [-2.2, 6.0793, 8],
					"color": 0,
					"children": [42, 43, 44, 45]
				},
				{
					"name": "t5",
					"origin": [-2.2, 6.0793, 8],
					"color": 0,
					"children": [46, 47, 48]
				},
				{
					"name": "y",
					"origin": [-2.2, 6.0793, 8],
					"color": 0,
					"children": [49, 50, 51, 52, 53, 54]
				}
			]
		},
		{
			"name": "2nd",
			"origin": [18.8, 6.0793, 8],
			"color": 0,
			"children": [
				{
					"name": "2",
					"origin": [18.8, 6.0793, 8],
					"color": 0,
					"children": [55, 56, 57, 58, 59, 60, 61, 62]
				},
				{
					"name": "n",
					"origin": [18.8, 6.0793, 8],
					"color": 0,
					"children": [63, 64, 65, 66, 67, 68]
				},
				{
					"name": "d6",
					"origin": [18.8, 6.0793, 8],
					"color": 0,
					"children": [69, 70, 71, 72]
				}
			]
		},
		{
			"name": "legitiawards",
			"origin": [9.08, 0.1993, 8],
			"color": 0,
			"children": [
				{
					"name": "l",
					"origin": [9.08, 0.1993, 8],
					"color": 0,
					"children": [73, 74, 75]
				},
				{
					"name": "e",
					"origin": [9.08, 0.1993, 8],
					"color": 0,
					"children": [76, 77, 78, 79]
				},
				{
					"name": "g",
					"origin": [9.08, 0.1993, 8],
					"color": 0,
					"children": [80, 81, 82]
				},
				{
					"name": "i7",
					"origin": [9.08, 0.1993, 8],
					"color": 0,
					"children": [83, 84]
				},
				{
					"name": "t",
					"origin": [9.08, 0.1993, 8],
					"color": 0,
					"children": [85, 86, 87, 88]
				},
				{
					"name": "i",
					"origin": [9.08, 0.1993, 8],
					"color": 0,
					"children": [89, 90]
				},
				{
					"name": "a6",
					"origin": [9.08, 0.1993, 8],
					"color": 0,
					"children": [91, 92]
				},
				{
					"name": "w",
					"origin": [9.08, 0.1993, 8],
					"color": 0,
					"children": [93, 94, 95, 96, 97, 98, 99]
				},
				{
					"name": "a",
					"origin": [9.08, 0.1993, 8],
					"color": 0,
					"children": [100, 101]
				},
				{
					"name": "r",
					"origin": [9.08, 0.1993, 8],
					"color": 0,
					"children": [102, 103]
				},
				{
					"name": "d",
					"origin": [9.08, 0.1993, 8],
					"color": 0,
					"children": [104, 105, 106]
				},
				{
					"name": "s",
					"origin": [9.08, 0.1993, 8],
					"color": 0,
					"children": [107, 108, 109, 110]
				}
			]
		}
	]
}