{
	"format_version": "1.21.11",
	"credit": "Made with Blockbench",
	"texture_size": [1000, 320],
	"textures": {
		"3": "cla:item/deco/the"
	},
	"elements": [
		{
			"from": [22.26596, 0.17412, 7.04],
			"to": [24.02276, 2.63364, 8.96],
			"rotation": {"angle": 0, "axis": "y", "origin": [21.15332, 0.057, 8]},
			"faces": {
				"north": {"uv": [10.048, 0.8, 10.528, 2.9], "texture": "#3"},
				"south": {"uv": [10.528, 0.8, 10.048, 2.9], "texture": "#3"},
				"up": {"uv": [10.528, 0.8, 10.048, 0], "texture": "#3"},
				"down": {"uv": [10.528, 3.7, 10.048, 2.9], "texture": "#3"}
			}
		},
		{
			"from": [24.13988, 2.75076, 9.2],
			"to": [22.14884, 2.16516, 6.8],
			"rotation": {"angle": 0, "axis": "y", "origin": [21.15332, 0.057, 8]},
			"faces": {
				"north": {"uv": [0, 11.7, 0.016, 11.75], "texture": "#3"},
				"east": {"uv": [0, 11.7, 0.016, 11.75], "texture": "#3"},
				"south": {"uv": [0, 11.7, 0.016, 11.75], "texture": "#3"},
				"west": {"uv": [0, 11.7, 0.016, 11.75], "texture": "#3"},
				"up": {"uv": [3.376, 11.7, 3.648, 11.75], "texture": "#3"},
				"down": {"uv": [0, 11.7, 0.016, 11.75], "texture": "#3"}
			}
		},
		{
			"from": [23.43716, 2.16516, 9.2],
			"to": [22.85156, 0.057, 6.8],
			"rotation": {"angle": 0, "axis": "y", "origin": [21.15332, 0.057, 8]},
			"faces": {
				"north": {"uv": [0, 11.7, 0.016, 11.75], "texture": "#3"},
				"east": {"uv": [0, 11.7, 0.016, 11.75], "texture": "#3"},
				"south": {"uv": [0, 11.7, 0.016, 11.75], "texture": "#3"},
				"west": {"uv": [0, 11.7, 0.016, 11.75], "texture": "#3"},
				"up": {"uv": [0, 11.7, 0.016, 11.75], "texture": "#3"}
			}
		},
		{
			"from": [20.27492, 0.17412, 7.04],
			"to": [22.03172, 2.63364, 8.96],
			"rotation": {"angle": 0, "axis": "y", "origin": [21.15332, 0.057, 8]},
			"faces": {
				"north": {"uv": [4.096, 0.8, 4.576, 2.9], "texture": "#3"},
				"south": {"uv": [4.576, 0.8, 4.096, 2.9], "texture": "#3"},
				"up": {"uv": [4.576, 0.8, 4.096, 0], "texture": "#3"},
				"down": {"uv": [4.576, 3.7, 4.096, 2.9], "texture": "#3"}
			}
		},
		{
			"from": [22.14884, 2.75076, 9.2],
			"to": [20.1578, 0.057, 6.8],
			"rotation": {"angle": 0, "axis": "y", "origin": [21.15332, 0.057, 8]},
			"faces": {
				"north": {"uv": [2.336, 12.85, 2.064, 11.7], "texture": "#3"},
				"east": {"uv": [0, 11.7, 0.016, 11.75], "texture": "#3"},
				"south": {"uv": [2.064, 12.85, 2.336, 11.7], "texture": "#3"},
				"west": {"uv": [0, 11.7, 0.016, 11.75], "texture": "#3"},
				"up": {"uv": [2.064, 11.7, 2.336, 11.75], "texture": "#3"},
				"down": {"uv": [2.064, 11.7, 2.336, 11.75], "texture": "#3"}
			}
		},
		{
			"from": [20.7434, 0.057, 6.8],
			"to": [21.56324, 1.46244, 9.2],
			"rotation": {"angle": 0, "axis": "y", "origin": [21.15332, 0.057, 8]},
			"faces": {
				"east": {"uv": [0, 11.7, 0.016, 11.75], "texture": "#3"},
				"west": {"uv": [0, 11.7, 0.016, 11.75], "texture": "#3"},
				"up": {"uv": [0, 11.7, 0.016, 11.75], "texture": "#3"}
			}
		},
		{
			"from": [20.7434, 2.04804, 6.8],
			"to": [21.56324, 2.75076, 9.2],
			"rotation": {"angle": 0, "axis": "y", "origin": [21.15332, 0.057, 8]},
			"faces": {
				"east": {"uv": [0, 11.7, 0.016, 11.75], "texture": "#3"},
				"west": {"uv": [0, 11.7, 0.016, 11.75], "texture": "#3"},
				"down": {"uv": [0, 11.7, 0.016, 11.75], "texture": "#3"}
			}
		},
		{
			"from": [18.28388, 0.17412, 7.04],
			"to": [20.04068, 2.63364, 8.96],
			"rotation": {"angle": 0, "axis": "y", "origin": [21.15332, 0.057, 8]},
			"faces": {
				"north": {"uv": [2.56, 0.8, 3.04, 2.9], "texture": "#3"},
				"south": {"uv": [3.04, 0.8, 2.56, 2.9], "texture": "#3"},
				"up": {"uv": [3.04, 0.8, 2.56, 0], "texture": "#3"},
				"down": {"uv": [3.04, 3.7, 2.56, 2.9], "texture": "#3"}
			}
		},
		{
			"from": [20.1578, 2.75076, 9.2],
			"to": [18.16676, 0.057, 6.8],
			"rotation": {"angle": 0, "axis": "y", "origin": [21.15332, 0.057, 8]},
			"faces": {
				"north": {"uv": [1.536, 12.85, 1.264, 11.7], "texture": "#3"},
				"east": {"uv": [1.52, 11.7, 1.536, 12.85], "texture": "#3"},
				"south": {"uv": [1.264, 12.85, 1.536, 11.7], "texture": "#3"},
				"west": {"uv": [0.016, 11.75, 0, 11.7], "texture": "#3"},
				"up": {"uv": [0.016, 11.75, 0, 11.7], "texture": "#3"},
				"down": {"uv": [0.016, 11.75, 0, 11.7], "texture": "#3"}
			}
		},
		{
			"from": [18.16676, 0.6426, 6.8],
			"to": [19.5722, 2.16516, 9.2],
			"rotation": {"angle": 0, "axis": "y", "origin": [21.15332, 0.057, 8]},
			"faces": {
				"east": {"uv": [1.536, 11.7, 1.552, 12.35], "texture": "#3"},
				"up": {"uv": [0.016, 11.75, 0, 11.7], "texture": "#3"},
				"down": {"uv": [0.016, 11.75, 0, 11.7], "texture": "#3"}
			}
		},
		{
			"from": [19.5722, 2.04804, 9.2],
			"to": [18.86948, 1.46244, 6.8],
			"rotation": {"angle": 0, "axis": "y", "origin": [21.15332, 0.057, 8]},
			"faces": {
				"north": {"uv": [0.016, 11.75, 0, 11.7], "texture": "#3"},
				"east": {"uv": [0.016, 11.75, 0, 11.7], "texture": "#3"},
				"south": {"uv": [0.016, 11.75, 0, 11.7], "texture": "#3"},
				"up": {"uv": [0.016, 11.75, 0, 11.7], "texture": "#3"},
				"down": {"uv": [0.016, 11.75, 0, 11.7], "texture": "#3"}
			}
		},
		{
			"from": [7.90412, 0.17412, 7.04],
			"to": [9.66092, 2.63364, 8.96],
			"rotation": {"angle": 0, "axis": "y", "origin": [1.16972, 0.057, 8]},
			"faces": {
				"north": {"uv": [1.536, 0.8, 2.016, 2.9], "texture": "#3"},
				"south": {"uv": [2.016, 0.8, 1.536, 2.9], "texture": "#3"},
				"up": {"uv": [2.016, 0.8, 1.536, 0], "texture": "#3"},
				"down": {"uv": [2.016, 3.7, 1.536, 2.9], "texture": "#3"}
			}
		},
		{
			"from": [9.77804, 2.3994, 9.2],
			"to": [7.787, 0.40836, 6.8],
			"rotation": {"angle": 0, "axis": "y", "origin": [1.16972, 0.057, 8]},
			"faces": {
				"north": {"uv": [1.024, 12.7, 0.752, 11.85], "texture": "#3"},
				"east": {"uv": [1.008, 11.85, 1.024, 12.7], "texture": "#3"},
				"south": {"uv": [0.752, 12.7, 1.024, 11.85], "texture": "#3"},
				"west": {"uv": [0, 11.7, 0.016, 11.75], "texture": "#3"},
				"up": {"uv": [0.016, 11.7, 0.288, 11.75], "texture": "#3"},
				"down": {"uv": [0.016, 11.7, 0.288, 11.75], "texture": "#3"}
			}
		},
		{
			"from": [8.3726, 0.6426, 6.8],
			"to": [9.19244, 2.16516, 9.2],
			"rotation": {"angle": 0, "axis": "y", "origin": [1.16972, 0.057, 8]},
			"faces": {
				"east": {"uv": [0, 11.7, 0.016, 11.75], "texture": "#3"},
				"west": {"uv": [0.944, 11.95, 0.96, 12.6], "texture": "#3"},
				"up": {"uv": [0.016, 11.75, 0, 11.7], "texture": "#3"},
				"down": {"uv": [0.016, 11.75, 0, 11.7], "texture": "#3"}
			}
		},
		{
			"from": [9.42668, 2.75076, 9.2],
			"to": [8.13836, 0.057, 6.8],
			"rotation": {"angle": 0, "axis": "y", "origin": [1.16972, 0.057, 8]},
			"faces": {
				"north": {"uv": [0.496, 14, 0.32, 12.85], "texture": "#3"},
				"east": {"uv": [0.016, 12.85, 0, 11.7], "texture": "#3"},
				"south": {"uv": [0.32, 14, 0.496, 12.85], "texture": "#3"},
				"west": {"uv": [0.016, 12.85, 0, 11.7], "texture": "#3"},
				"up": {"uv": [0, 11.7, 0.016, 11.75], "texture": "#3"},
				"down": {"uv": [0, 11.7, 0.016, 11.75], "texture": "#3"}
			}
		},
		{
			"from": [7.787, 0.99396, 6.8],
			"to": [8.3726, 1.8138, 9.2],
			"rotation": {"angle": 0, "axis": "y", "origin": [1.16972, 0.057, 8]},
			"faces": {
				"up": {"uv": [0.016, 11.75, 0, 11.7], "texture": "#3"},
				"down": {"uv": [0.016, 11.75, 0, 11.7], "texture": "#3"}
			}
		},
		{
			"from": [5.91308, 0.17412, 7.04],
			"to": [7.66988, 2.63364, 8.96],
			"rotation": {"angle": 0, "axis": "y", "origin": [1.16972, 0.057, 8]},
			"faces": {
				"north": {"uv": [7.488, 0.8, 7.968, 2.9], "texture": "#3"},
				"south": {"uv": [7.968, 0.8, 7.488, 2.9], "texture": "#3"},
				"up": {"uv": [7.968, 0.8, 7.488, 0], "texture": "#3"},
				"down": {"uv": [7.968, 3.7, 7.488, 2.9], "texture": "#3"}
			}
		},
		{
			"from": [7.787, 2.3994, 9.2],
			"to": [5.79596, 0.40836, 6.8],
			"rotation": {"angle": 0, "axis": "y", "origin": [1.16972, 0.057, 8]},
			"faces": {
				"north": {"uv": [3.12, 12.7, 2.848, 11.85], "texture": "#3"},
				"east": {"uv": [0.016, 11.75, 0, 11.7], "texture": "#3"},
				"south": {"uv": [2.848, 12.7, 3.12, 11.85], "texture": "#3"},
				"west": {"uv": [0.016, 11.75, 0, 11.7], "texture": "#3"},
				"up": {"uv": [0.016, 11.7, 0.288, 11.75], "texture": "#3"},
				"down": {"uv": [0.016, 11.7, 0.288, 11.75], "texture": "#3"}
			}
		},
		{
			"from": [7.43564, 2.75076, 9.2],
			"to": [6.14732, 0.057, 6.8],
			"rotation": {"angle": 0, "axis": "y", "origin": [1.16972, 0.057, 8]},
			"faces": {
				"north": {"uv": [3.072, 12.85, 2.896, 11.7], "texture": "#3"},
				"east": {"uv": [0, 11.7, 0.016, 12.85], "texture": "#3"},
				"south": {"uv": [2.896, 12.85, 3.072, 11.7], "texture": "#3"},
				"west": {"uv": [0, 11.7, 0.016, 12.85], "texture": "#3"},
				"up": {"uv": [0.016, 11.75, 0, 11.7], "texture": "#3"},
				"down": {"uv": [0.016, 11.75, 0, 11.7], "texture": "#3"}
			}
		},
		{
			"from": [6.38156, 0.6426, 6.8],
			"to": [7.2014, 2.16516, 9.2],
			"rotation": {"angle": 0, "axis": "y", "origin": [1.16972, 0.057, 8]},
			"faces": {
				"east": {"uv": [0, 11.7, 0.016, 11.75], "texture": "#3"},
				"west": {"uv": [0, 11.7, 0.016, 11.75], "texture": "#3"},
				"up": {"uv": [0, 11.7, 0.016, 11.75], "texture": "#3"},
				"down": {"uv": [0, 11.7, 0.016, 11.75], "texture": "#3"}
			}
		},
		{
			"from": [3.92204, 0.17412, 7.04],
			"to": [5.67884, 2.63364, 8.96],
			"rotation": {"angle": 0, "axis": "y", "origin": [1.16972, 0.057, 8]},
			"faces": {
				"north": {"uv": [6.464, 0.8, 6.944, 2.9], "texture": "#3"},
				"south": {"uv": [6.944, 0.8, 6.464, 2.9], "texture": "#3"},
				"up": {"uv": [6.944, 0.8, 6.464, 0], "texture": "#3"},
				"down": {"uv": [6.944, 3.7, 6.464, 2.9], "texture": "#3"}
			}
		},
		{
			"from": [5.79596, 2.75076, 9.2],
			"to": [3.80492, 0.057, 6.8],
			"rotation": {"angle": 0, "axis": "y", "origin": [1.16972, 0.057, 8]},
			"faces": {
				"north": {"uv": [2.816, 12.85, 2.544, 11.7], "texture": "#3"},
				"east": {"uv": [0.016, 11.75, 0, 11.7], "texture": "#3"},
				"south": {"uv": [2.544, 12.85, 2.816, 11.7], "texture": "#3"},
				"west": {"uv": [0.016, 11.75, 0, 11.7], "texture": "#3"},
				"up": {"uv": [2.544, 11.75, 2.816, 11.7], "texture": "#3"},
				"down": {"uv": [2.544, 11.75, 2.816, 11.7], "texture": "#3"}
			}
		},
		{
			"from": [4.39052, 2.3994, 6.8],
			"to": [5.21036, 2.75076, 9.2],
			"rotation": {"angle": 0, "axis": "y", "origin": [1.16972, 0.057, 8]},
			"faces": {
				"east": {"uv": [0.016, 11.75, 0, 11.7], "texture": "#3"},
				"west": {"uv": [0.016, 11.75, 0, 11.7], "texture": "#3"},
				"down": {"uv": [2.624, 11.9, 2.736, 11.85], "texture": "#3"}
			}
		},
		{
			"from": [4.74188, 2.04804, 6.8],
			"to": [4.859, 2.3994, 9.2],
			"rotation": {"angle": 0, "axis": "y", "origin": [1.16972, 0.057, 8]},
			"faces": {
				"east": {"uv": [0.016, 11.75, 0, 11.7], "texture": "#3"},
				"west": {"uv": [0.016, 11.75, 0, 11.7], "texture": "#3"},
				"down": {"uv": [0.016, 11.75, 0, 11.7], "texture": "#3"}
			}
		},
		{
			"from": [5.09324, 1.8138, 9.2],
			"to": [4.50764, 1.46244, 6.8],
			"rotation": {"angle": 0, "axis": "y", "origin": [1.16972, 0.057, 8]},
			"faces": {
				"north": {"uv": [0, 11.7, 0.016, 11.75], "texture": "#3"},
				"east": {"uv": [0, 11.7, 0.016, 11.75], "texture": "#3"},
				"south": {"uv": [0, 11.7, 0.016, 11.75], "texture": "#3"},
				"west": {"uv": [0, 11.7, 0.016, 11.75], "texture": "#3"},
				"up": {"uv": [0, 11.7, 0.016, 11.75], "texture": "#3"}
			}
		},
		{
			"from": [4.39052, 0.057, 6.8],
			"to": [5.21036, 1.8138, 9.2],
			"rotation": {"angle": 0, "axis": "y", "origin": [1.16972, 0.057, 8]},
			"faces": {
				"east": {"uv": [0.016, 11.75, 0, 11.7], "texture": "#3"},
				"west": {"uv": [0.016, 11.75, 0, 11.7], "texture": "#3"},
				"up": {"uv": [0, 11.85, 0.112, 11.8], "texture": "#3"}
			}
		},
		{
			"from": [1.931, 0.17412, 7.04],
			"to": [3.6878, 2.63364, 8.96],
			"rotation": {"angle": 0, "axis": "y", "origin": [1.16972, 0.057, 8]},
			"faces": {
				"north": {"uv": [6.464, 0.8, 6.944, 2.9], "texture": "#3"},
				"south": {"uv": [6.944, 0.8, 6.464, 2.9], "texture": "#3"},
				"up": {"uv": [6.944, 0.8, 6.464, 0], "texture": "#3"},
				"down": {"uv": [6.944, 3.7, 6.464, 2.9], "texture": "#3"}
			}
		},
		{
			"from": [3.80492, 2.75076, 9.2],
			"to": [1.81388, 0.057, 6.8],
			"rotation": {"angle": 0, "axis": "y", "origin": [1.16972, 0.057, 8]},
			"faces": {
				"north": {"uv": [2.816, 12.85, 2.544, 11.7], "texture": "#3"},
				"east": {"uv": [0.016, 11.75, 0, 11.7], "texture": "#3"},
				"south": {"uv": [2.544, 12.85, 2.816, 11.7], "texture": "#3"},
				"west": {"uv": [0.016, 11.75, 0, 11.7], "texture": "#3"},
				"up": {"uv": [2.544, 11.75, 2.816, 11.7], "texture": "#3"},
				"down": {"uv": [2.544, 11.75, 2.816, 11.7], "texture": "#3"}
			}
		},
		{
			"from": [2.39948, 2.3994, 6.8],
			"to": [3.21932, 2.75076, 9.2],
			"rotation": {"angle": 0, "axis": "y", "origin": [1.16972, 0.057, 8]},
			"faces": {
				"east": {"uv": [0.016, 11.75, 0, 11.7], "texture": "#3"},
				"west": {"uv": [0.016, 11.75, 0, 11.7], "texture": "#3"},
				"down": {"uv": [2.624, 11.9, 2.736, 11.85], "texture": "#3"}
			}
		},
		{
			"from": [2.75084, 2.04804, 6.8],
			"to": [2.86796, 2.3994, 9.2],
			"rotation": {"angle": 0, "axis": "y", "origin": [1.16972, 0.057, 8]},
			"faces": {
				"east": {"uv": [0.016, 11.75, 0, 11.7], "texture": "#3"},
				"west": {"uv": [0.016, 11.75, 0, 11.7], "texture": "#3"},
				"down": {"uv": [0.016, 11.75, 0, 11.7], "texture": "#3"}
			}
		},
		{
			"from": [3.1022, 1.8138, 9.2],
			"to": [2.5166, 1.46244, 6.8],
			"rotation": {"angle": 0, "axis": "y", "origin": [1.16972, 0.057, 8]},
			"faces": {
				"north": {"uv": [0, 11.7, 0.016, 11.75], "texture": "#3"},
				"east": {"uv": [0, 11.7, 0.016, 11.75], "texture": "#3"},
				"south": {"uv": [0, 11.7, 0.016, 11.75], "texture": "#3"},
				"west": {"uv": [0, 11.7, 0.016, 11.75], "texture": "#3"},
				"up": {"uv": [0, 11.7, 0.016, 11.75], "texture": "#3"}
			}
		},
		{
			"from": [2.39948, 0.057, 6.8],
			"to": [3.21932, 1.8138, 9.2],
			"rotation": {"angle": 0, "axis": "y", "origin": [1.16972, 0.057, 8]},
			"faces": {
				"east": {"uv": [0.016, 11.75, 0, 11.7], "texture": "#3"},
				"west": {"uv": [0.016, 11.75, 0, 11.7], "texture": "#3"},
				"up": {"uv": [0, 11.85, 0.112, 11.8], "texture": "#3"}
			}
		},
		{
			"from": [-0.06004, 0.17412, 7.04],
			"to": [1.69676, 2.63364, 8.96],
			"rotation": {"angle": 0, "axis": "y", "origin": [1.16972, 0.057, 8]},
			"faces": {
				"north": {"uv": [10.56, 0.8, 11.04, 2.9], "texture": "#3"},
				"south": {"uv": [11.04, 0.8, 10.56, 2.9], "texture": "#3"},
				"up": {"uv": [11.04, 0.8, 10.56, 0], "texture": "#3"},
				"down": {"uv": [11.04, 3.7, 10.56, 2.9], "texture": "#3"}
			}
		},
		{
			"from": [1.46252, 0.6426, 9.2],
			"to": [0.1742, 0.057, 6.8],
			"rotation": {"angle": 0, "axis": "y", "origin": [1.16972, 0.057, 8]},
			"faces": {
				"north": {"uv": [0, 11.7, 0.016, 11.75], "texture": "#3"},
				"east": {"uv": [0, 11.7, 0.016, 11.95], "texture": "#3"},
				"south": {"uv": [0, 11.7, 0.016, 11.75], "texture": "#3"},
				"west": {"uv": [0, 11.7, 0.016, 11.95], "texture": "#3"},
				"up": {"uv": [0, 11.7, 0.016, 11.75], "texture": "#3"},
				"down": {"uv": [2.704, 11.7, 2.88, 11.75], "texture": "#3"}
			}
		},
		{
			"from": [1.81388, 2.75076, 9.2],
			"to": [1.22828, 0.40836, 6.8],
			"rotation": {"angle": 0, "axis": "y", "origin": [1.16972, 0.057, 8]},
			"faces": {
				"north": {"uv": [0, 11.7, 0.016, 11.75], "texture": "#3"},
				"east": {"uv": [0.496, 11.75, 0.512, 12.75], "texture": "#3"},
				"south": {"uv": [0, 11.7, 0.016, 11.75], "texture": "#3"},
				"west": {"uv": [0, 11.7, 0.016, 11.75], "texture": "#3"},
				"up": {"uv": [0.016, 11.7, 0.096, 11.75], "texture": "#3"},
				"down": {"uv": [0, 11.7, 0.016, 11.75], "texture": "#3"}
			}
		},
		{
			"from": [0.40844, 2.75076, 9.2],
			"to": [-0.17716, 0.40836, 6.8],
			"rotation": {"angle": 0, "axis": "y", "origin": [1.16972, 0.057, 8]},
			"faces": {
				"north": {"uv": [0, 11.7, 0.016, 11.75], "texture": "#3"},
				"east": {"uv": [0, 11.7, 0.016, 11.75], "texture": "#3"},
				"south": {"uv": [0, 11.7, 0.016, 11.75], "texture": "#3"},
				"west": {"uv": [0.496, 11.75, 0.512, 12.75], "texture": "#3"},
				"up": {"uv": [0.208, 11.7, 0.288, 11.75], "texture": "#3"},
				"down": {"uv": [0, 11.7, 0.016, 11.75], "texture": "#3"}
			}
		},
		{
			"from": [-2.05108, 0.17412, 7.04],
			"to": [-0.29428, 2.63364, 8.96],
			"rotation": {"angle": 0, "axis": "y", "origin": [1.16972, 0.057, 8]},
			"faces": {
				"north": {"uv": [6.976, 0.8, 7.456, 2.9], "texture": "#3"},
				"south": {"uv": [7.456, 0.8, 6.976, 2.9], "texture": "#3"},
				"up": {"uv": [7.456, 0.8, 6.976, 0], "texture": "#3"},
				"down": {"uv": [7.456, 3.7, 6.976, 2.9], "texture": "#3"}
			}
		},
		{
			"from": [-0.17716, 2.75076, 9.2],
			"to": [-0.76276, 0.057, 6.8],
			"rotation": {"angle": 0, "axis": "y", "origin": [1.16972, 0.057, 8]},
			"faces": {
				"north": {"uv": [0.016, 11.75, 0, 11.7], "texture": "#3"},
				"east": {"uv": [2.848, 12.85, 2.832, 11.7], "texture": "#3"},
				"south": {"uv": [0.016, 11.75, 0, 11.7], "texture": "#3"},
				"west": {"uv": [0.016, 11.75, 0, 11.7], "texture": "#3"},
				"up": {"uv": [0.016, 11.75, 0, 11.7], "texture": "#3"},
				"down": {"uv": [0.016, 11.75, 0, 11.7], "texture": "#3"}
			}
		},
		{
			"from": [-1.5826, 2.75076, 9.2],
			"to": [-2.1682, 0.057, 6.8],
			"rotation": {"angle": 0, "axis": "y", "origin": [1.16972, 0.057, 8]},
			"faces": {
				"north": {"uv": [0.016, 11.75, 0, 11.7], "texture": "#3"},
				"east": {"uv": [0.016, 11.75, 0, 11.7], "texture": "#3"},
				"south": {"uv": [0.016, 11.75, 0, 11.7], "texture": "#3"},
				"west": {"uv": [2.832, 12.85, 2.816, 11.7], "texture": "#3"},
				"up": {"uv": [0.016, 11.75, 0, 11.7], "texture": "#3"},
				"down": {"uv": [0.016, 11.75, 0, 11.7], "texture": "#3"}
			}
		},
		{
			"from": [-0.87988, 2.04804, 9.2],
			"to": [-1.46548, 1.46244, 6.8],
			"rotation": {"angle": 0, "axis": "y", "origin": [1.16972, 0.057, 8]},
			"faces": {
				"north": {"uv": [0.016, 11.75, 0, 11.7], "texture": "#3"},
				"east": {"uv": [0.016, 11.95, 0, 11.7], "texture": "#3"},
				"south": {"uv": [0.016, 11.75, 0, 11.7], "texture": "#3"},
				"west": {"uv": [0.016, 12.85, 0, 12.6], "texture": "#3"},
				"up": {"uv": [0.288, 11.75, 0.208, 11.7], "texture": "#3"},
				"down": {"uv": [0.096, 11.75, 0.016, 11.7], "texture": "#3"}
			}
		},
		{
			"from": [-0.76276, 2.3994, 9.2],
			"to": [-1.11412, 1.8138, 6.8],
			"rotation": {"angle": 0, "axis": "y", "origin": [1.16972, 0.057, 8]},
			"faces": {
				"north": {"uv": [0.016, 11.75, 0, 11.7], "texture": "#3"},
				"east": {"uv": [0.016, 11.95, 0, 11.7], "texture": "#3"},
				"south": {"uv": [0.016, 11.75, 0, 11.7], "texture": "#3"},
				"up": {"uv": [0.256, 11.75, 0.208, 11.7], "texture": "#3"},
				"down": {"uv": [0.016, 11.75, 0, 11.7], "texture": "#3"}
			}
		},
		{
			"from": [-1.23124, 1.69668, 9.2],
			"to": [-1.5826, 1.11108, 6.8],
			"rotation": {"angle": 0, "axis": "y", "origin": [1.16972, 0.057, 8]},
			"faces": {
				"north": {"uv": [0.016, 11.75, 0, 11.7], "texture": "#3"},
				"south": {"uv": [0.016, 11.75, 0, 11.7], "texture": "#3"},
				"west": {"uv": [0.016, 12.85, 0, 12.6], "texture": "#3"},
				"up": {"uv": [0.016, 11.75, 0, 11.7], "texture": "#3"},
				"down": {"uv": [0.096, 11.75, 0.048, 11.7], "texture": "#3"}
			}
		},
		{
			"from": [-3.3394, 0.17412, 7.04],
			"to": [-2.28532, 2.63364, 8.96],
			"rotation": {"angle": 0, "axis": "y", "origin": [1.16972, 0.057, 8]},
			"faces": {
				"north": {"uv": [4.608, 0.8, 4.896, 2.9], "texture": "#3"},
				"south": {"uv": [4.896, 0.8, 4.608, 2.9], "texture": "#3"},
				"up": {"uv": [4.896, 0.8, 4.608, 0], "texture": "#3"},
				"down": {"uv": [4.896, 3.7, 4.608, 2.9], "texture": "#3"}
			}
		},
		{
			"from": [-2.1682, 2.75076, 9.2],
			"to": [-3.45652, 0.057, 6.8],
			"rotation": {"angle": 0, "axis": "y", "origin": [1.16972, 0.057, 8]},
			"faces": {
				"north": {"uv": [2.512, 12.85, 2.336, 11.7], "texture": "#3"},
				"east": {"uv": [2.336, 11.7, 2.352, 12.85], "texture": "#3"},
				"south": {"uv": [2.336, 12.85, 2.512, 11.7], "texture": "#3"},
				"west": {"uv": [2.336, 11.7, 2.352, 12.85], "texture": "#3"},
				"up": {"uv": [0, 11.7, 0.016, 11.75], "texture": "#3"},
				"down": {"uv": [0, 11.7, 0.016, 11.75], "texture": "#3"}
			}
		},
		{
			"from": [-2.51956, 0.6426, 6.8],
			"to": [-2.1682, 2.16516, 9.2],
			"rotation": {"angle": 0, "axis": "y", "origin": [1.16972, 0.057, 8]},
			"faces": {
				"west": {"uv": [0, 11.7, 0.016, 11.75], "texture": "#3"},
				"up": {"uv": [0, 11.7, 0.016, 11.75], "texture": "#3"},
				"down": {"uv": [0, 11.7, 0.016, 11.75], "texture": "#3"}
			}
		},
		{
			"from": [-3.45652, 0.6426, 6.8],
			"to": [-3.10516, 2.16516, 9.2],
			"rotation": {"angle": 0, "axis": "y", "origin": [1.16972, 0.057, 8]},
			"faces": {
				"east": {"uv": [0, 11.7, 0.016, 11.75], "texture": "#3"},
				"up": {"uv": [0, 11.7, 0.016, 11.75], "texture": "#3"},
				"down": {"uv": [0, 11.7, 0.016, 11.75], "texture": "#3"}
			}
		},
		{
			"from": [-5.33044, 0.17412, 7.04],
			"to": [-3.57364, 2.63364, 8.96],
			"rotation": {"angle": 0, "axis": "y", "origin": [1.16972, 0.057, 8]},
			"faces": {
				"north": {"uv": [10.048, 0.8, 10.528, 2.9], "texture": "#3"},
				"south": {"uv": [10.528, 0.8, 10.048, 2.9], "texture": "#3"},
				"up": {"uv": [10.528, 0.8, 10.048, 0], "texture": "#3"},
				"down": {"uv": [10.528, 3.7, 10.048, 2.9], "texture": "#3"}
			}
		},
		{
			"from": [-3.45652, 2.75076, 9.2],
			"to": [-5.44756, 2.16516, 6.8],
			"rotation": {"angle": 0, "axis": "y", "origin": [1.16972, 0.057, 8]},
			"faces": {
				"north": {"uv": [0, 11.7, 0.016, 11.75], "texture": "#3"},
				"east": {"uv": [0, 11.7, 0.016, 11.75], "texture": "#3"},
				"south": {"uv": [0, 11.7, 0.016, 11.75], "texture": "#3"},
				"west": {"uv": [0, 11.7, 0.016, 11.75], "texture": "#3"},
				"up": {"uv": [3.376, 11.7, 3.648, 11.75], "texture": "#3"},
				"down": {"uv": [0, 11.7, 0.016, 11.75], "texture": "#3"}
			}
		},
		{
			"from": [-4.15924, 2.16516, 9.2],
			"to": [-4.74484, 0.057, 6.8],
			"rotation": {"angle": 0, "axis": "y", "origin": [1.16972, 0.057, 8]},
			"faces": {
				"north": {"uv": [0, 11.7, 0.016, 11.75], "texture": "#3"},
				"east": {"uv": [0, 11.7, 0.016, 11.75], "texture": "#3"},
				"south": {"uv": [0, 11.7, 0.016, 11.75], "texture": "#3"},
				"west": {"uv": [0, 11.7, 0.016, 11.75], "texture": "#3"},
				"up": {"uv": [0, 11.7, 0.016, 11.75], "texture": "#3"}
			}
		},
		{
			"from": [-7.32148, 0.17412, 7.04],
			"to": [-5.56468, 2.63364, 8.96],
			"rotation": {"angle": 0, "axis": "y", "origin": [1.16972, 0.057, 8]},
			"faces": {
				"north": {"uv": [12.608, 0.8, 13.088, 2.9], "texture": "#3"},
				"south": {"uv": [13.088, 0.8, 12.608, 2.9], "texture": "#3"},
				"up": {"uv": [13.088, 0.8, 12.608, 0], "texture": "#3"},
				"down": {"uv": [13.088, 3.7, 12.608, 2.9], "texture": "#3"}
			}
		},
		{
			"from": [-5.79892, 2.3994, 9.2],
			"to": [-6.38452, 1.8138, 6.8],
			"rotation": {"angle": 0, "axis": "y", "origin": [1.16972, 0.057, 8]},
			"faces": {
				"north": {"uv": [0, 11.7, 0.016, 11.75], "texture": "#3"},
				"east": {"uv": [0, 12.6, 0.016, 12.85], "texture": "#3"},
				"south": {"uv": [0, 11.7, 0.016, 11.75], "texture": "#3"},
				"west": {"uv": [0, 11.7, 0.016, 11.95], "texture": "#3"},
				"up": {"uv": [0.016, 11.7, 0.096, 11.75], "texture": "#3"},
				"down": {"uv": [0.208, 11.7, 0.288, 11.75], "texture": "#3"}
			}
		},
		{
			"from": [-5.44756, 2.75076, 9.2],
			"to": [-6.03316, 2.16516, 6.8],
			"rotation": {"angle": 0, "axis": "y", "origin": [1.16972, 0.057, 8]},
			"faces": {
				"north": {"uv": [0, 11.7, 0.016, 11.75], "texture": "#3"},
				"east": {"uv": [0, 12.6, 0.016, 12.85], "texture": "#3"},
				"south": {"uv": [0, 11.7, 0.016, 11.75], "texture": "#3"},
				"west": {"uv": [0, 11.7, 0.016, 11.75], "texture": "#3"},
				"up": {"uv": [0.016, 11.7, 0.096, 11.75], "texture": "#3"},
				"down": {"uv": [0, 11.7, 0.016, 11.75], "texture": "#3"}
			}
		},
		{
			"from": [-6.853, 2.75076, 9.2],
			"to": [-7.4386, 2.16516, 6.8],
			"rotation": {"angle": 0, "axis": "y", "origin": [1.16972, 0.057, 8]},
			"faces": {
				"north": {"uv": [0, 11.7, 0.016, 11.75], "texture": "#3"},
				"east": {"uv": [0, 11.7, 0.016, 11.75], "texture": "#3"},
				"south": {"uv": [0, 11.7, 0.016, 11.75], "texture": "#3"},
				"west": {"uv": [0, 12.6, 0.016, 12.85], "texture": "#3"},
				"up": {"uv": [0.208, 11.7, 0.288, 11.75], "texture": "#3"},
				"down": {"uv": [0, 11.7, 0.016, 11.75], "texture": "#3"}
			}
		},
		{
			"from": [-6.50164, 2.3994, 9.2],
			"to": [-7.08724, 1.8138, 6.8],
			"rotation": {"angle": 0, "axis": "y", "origin": [1.16972, 0.057, 8]},
			"faces": {
				"north": {"uv": [0, 11.7, 0.016, 11.75], "texture": "#3"},
				"east": {"uv": [0, 11.7, 0.016, 11.95], "texture": "#3"},
				"south": {"uv": [0, 11.7, 0.016, 11.75], "texture": "#3"},
				"west": {"uv": [0, 12.6, 0.016, 12.85], "texture": "#3"},
				"up": {"uv": [0.208, 11.7, 0.288, 11.75], "texture": "#3"},
				"down": {"uv": [0.016, 11.7, 0.096, 11.75], "texture": "#3"}
			}
		},
		{
			"from": [-6.15028, 2.04804, 9.2],
			"to": [-6.73588, 0.057, 6.8],
			"rotation": {"angle": 0, "axis": "y", "origin": [1.16972, 0.057, 8]},
			"faces": {
				"north": {"uv": [0, 11.7, 0.016, 11.75], "texture": "#3"},
				"east": {"uv": [0.496, 12.6, 0.512, 11.75], "texture": "#3"},
				"south": {"uv": [0, 11.7, 0.016, 11.75], "texture": "#3"},
				"west": {"uv": [0.496, 12.6, 0.512, 11.75], "texture": "#3"},
				"up": {"uv": [0, 11.7, 0.016, 11.75], "texture": "#3"},
				"down": {"uv": [3.376, 11.75, 3.456, 11.8], "texture": "#3"}
			}
		},
		{
			"from": [15.37052, 0.2034, 7.04],
			"to": [17.56652, 3.2778, 8.96],
			"rotation": {"angle": 0, "axis": "y", "origin": [13.97972, 0.057, 8]},
			"faces": {
				"north": {"uv": [1.024, 4.6, 1.504, 6.7], "texture": "#3"},
				"south": {"uv": [1.504, 4.6, 1.024, 6.7], "texture": "#3"},
				"up": {"uv": [1.504, 4.6, 1.024, 3.8], "texture": "#3"},
				"down": {"uv": [1.504, 7.5, 1.024, 6.7], "texture": "#3"}
			}
		},
		{
			"from": [17.27372, 1.6674, 9.2],
			"to": [16.54172, 0.9354, 6.8],
			"rotation": {"angle": 0, "axis": "y", "origin": [13.97972, 0.057, 8]},
			"faces": {
				"north": {"uv": [0.016, 11.75, 0, 11.7], "texture": "#3"},
				"east": {"uv": [0.016, 12.85, 0, 12.6], "texture": "#3"},
				"south": {"uv": [0.016, 11.75, 0, 11.7], "texture": "#3"},
				"west": {"uv": [0.016, 11.95, 0, 11.7], "texture": "#3"},
				"up": {"uv": [0.096, 11.75, 0.016, 11.7], "texture": "#3"},
				"down": {"uv": [0.288, 11.75, 0.208, 11.7], "texture": "#3"}
			}
		},
		{
			"from": [15.95612, 2.985, 9.2],
			"to": [15.22412, 1.8138, 6.8],
			"rotation": {"angle": 0, "axis": "y", "origin": [13.97972, 0.057, 8]},
			"faces": {
				"north": {"uv": [0.016, 11.75, 0, 11.7], "texture": "#3"},
				"east": {"uv": [0.016, 11.75, 0, 11.7], "texture": "#3"},
				"south": {"uv": [0.016, 11.75, 0, 11.7], "texture": "#3"},
				"west": {"uv": [3.92, 12.45, 3.904, 12.05], "texture": "#3"},
				"up": {"uv": [0.096, 11.75, 0.016, 11.7], "texture": "#3"},
				"down": {"uv": [0.096, 11.75, 0.016, 11.7], "texture": "#3"}
			}
		},
		{
			"from": [17.71292, 2.985, 9.2],
			"to": [16.98092, 2.253, 6.8],
			"rotation": {"angle": 0, "axis": "y", "origin": [13.97972, 0.057, 8]},
			"faces": {
				"north": {"uv": [0.016, 11.75, 0, 11.7], "texture": "#3"},
				"east": {"uv": [0.016, 12.85, 0, 12.6], "texture": "#3"},
				"south": {"uv": [0.016, 11.75, 0, 11.7], "texture": "#3"},
				"west": {"uv": [0.016, 11.75, 0, 11.7], "texture": "#3"},
				"up": {"uv": [0.016, 11.75, 0, 11.7], "texture": "#3"},
				"down": {"uv": [0.288, 11.75, 0.208, 11.7], "texture": "#3"}
			}
		},
		{
			"from": [16.83452, 2.1066, 9.2],
			"to": [15.66332, 1.3746, 6.8],
			"rotation": {"angle": 0, "axis": "y", "origin": [13.97972, 0.057, 8]},
			"faces": {
				"north": {"uv": [0.016, 11.75, 0, 11.7], "texture": "#3"},
				"east": {"uv": [0.016, 12.85, 0, 12.6], "texture": "#3"},
				"south": {"uv": [0.016, 11.75, 0, 11.7], "texture": "#3"},
				"west": {"uv": [0.016, 11.95, 0, 11.7], "texture": "#3"},
				"up": {"uv": [0.272, 11.8, 0.144, 11.75], "texture": "#3"},
				"down": {"uv": [0.16, 11.8, 0.032, 11.75], "texture": "#3"}
			}
		},
		{
			"from": [17.27372, 3.4242, 9.2],
			"to": [15.66332, 2.6922, 6.8],
			"rotation": {"angle": 0, "axis": "y", "origin": [13.97972, 0.057, 8]},
			"faces": {
				"north": {"uv": [0.016, 11.75, 0, 11.7], "texture": "#3"},
				"east": {"uv": [0.016, 11.95, 0, 11.7], "texture": "#3"},
				"south": {"uv": [0.016, 11.75, 0, 11.7], "texture": "#3"},
				"west": {"uv": [0.016, 11.95, 0, 11.7], "texture": "#3"},
				"up": {"uv": [2.88, 11.75, 2.704, 11.7], "texture": "#3"},
				"down": {"uv": [0.016, 11.75, 0, 11.7], "texture": "#3"}
			}
		},
		{
			"from": [17.71292, 1.2282, 9.2],
			"to": [15.22412, 0.057, 6.8],
			"rotation": {"angle": 0, "axis": "y", "origin": [13.97972, 0.057, 8]},
			"faces": {
				"north": {"uv": [0.272, 13.25, 0, 12.85], "texture": "#3"},
				"east": {"uv": [0.016, 11.75, 0, 11.7], "texture": "#3"},
				"south": {"uv": [0, 13.25, 0.272, 12.85], "texture": "#3"},
				"west": {"uv": [0.016, 11.75, 0, 11.7], "texture": "#3"},
				"up": {"uv": [0.016, 11.75, 0, 11.7], "texture": "#3"},
				"down": {"uv": [0, 12.9, 0.272, 12.85], "texture": "#3"}
			}
		},
		{
			"from": [15.95612, 0.789, 6.8],
			"to": [16.98092, 1.2282, 9.2],
			"rotation": {"angle": 0, "axis": "y", "origin": [13.97972, 0.057, 8]},
			"faces": {
				"east": {"uv": [0.016, 11.95, 0, 11.8], "texture": "#3"},
				"west": {"uv": [0.016, 11.75, 0, 11.7], "texture": "#3"},
				"down": {"uv": [0.016, 11.75, 0, 11.7], "texture": "#3"}
			}
		},
		{
			"from": [12.88172, 0.2034, 7.04],
			"to": [15.07772, 3.2778, 8.96],
			"rotation": {"angle": 0, "axis": "y", "origin": [13.97972, 0.057, 8]},
			"faces": {
				"north": {"uv": [6.976, 0.8, 7.456, 2.9], "texture": "#3"},
				"south": {"uv": [7.456, 0.8, 6.976, 2.9], "texture": "#3"},
				"up": {"uv": [7.456, 0.8, 6.976, 0], "texture": "#3"},
				"down": {"uv": [7.456, 3.7, 6.976, 2.9], "texture": "#3"}
			}
		},
		{
			"from": [15.22412, 3.4242, 9.2],
			"to": [14.49212, 0.057, 6.8],
			"rotation": {"angle": 0, "axis": "y", "origin": [13.97972, 0.057, 8]},
			"faces": {
				"north": {"uv": [0.016, 11.75, 0, 11.7], "texture": "#3"},
				"east": {"uv": [2.848, 12.85, 2.832, 11.7], "texture": "#3"},
				"south": {"uv": [0.016, 11.75, 0, 11.7], "texture": "#3"},
				"west": {"uv": [0.016, 11.75, 0, 11.7], "texture": "#3"},
				"up": {"uv": [0.016, 11.75, 0, 11.7], "texture": "#3"},
				"down": {"uv": [0.016, 11.75, 0, 11.7], "texture": "#3"}
			}
		},
		{
			"from": [13.46732, 3.4242, 9.2],
			"to": [12.73532, 0.057, 6.8],
			"rotation": {"angle": 0, "axis": "y", "origin": [13.97972, 0.057, 8]},
			"faces": {
				"north": {"uv": [0.016, 11.75, 0, 11.7], "texture": "#3"},
				"east": {"uv": [0.016, 11.75, 0, 11.7], "texture": "#3"},
				"south": {"uv": [0.016, 11.75, 0, 11.7], "texture": "#3"},
				"west": {"uv": [2.832, 12.85, 2.816, 11.7], "texture": "#3"},
				"up": {"uv": [0.016, 11.75, 0, 11.7], "texture": "#3"},
				"down": {"uv": [0.016, 11.75, 0, 11.7], "texture": "#3"}
			}
		},
		{
			"from": [14.34572, 2.5458, 9.2],
			"to": [13.61372, 1.8138, 6.8],
			"rotation": {"angle": 0, "axis": "y", "origin": [13.97972, 0.057, 8]},
			"faces": {
				"north": {"uv": [0.016, 11.75, 0, 11.7], "texture": "#3"},
				"east": {"uv": [0.016, 11.95, 0, 11.7], "texture": "#3"},
				"south": {"uv": [0.016, 11.75, 0, 11.7], "texture": "#3"},
				"west": {"uv": [0.016, 12.85, 0, 12.6], "texture": "#3"},
				"up": {"uv": [0.288, 11.75, 0.208, 11.7], "texture": "#3"},
				"down": {"uv": [0.096, 11.75, 0.016, 11.7], "texture": "#3"}
			}
		},
		{
			"from": [14.49212, 2.985, 9.2],
			"to": [14.05292, 2.253, 6.8],
			"rotation": {"angle": 0, "axis": "y", "origin": [13.97972, 0.057, 8]},
			"faces": {
				"north": {"uv": [0.016, 11.75, 0, 11.7], "texture": "#3"},
				"east": {"uv": [0.016, 11.95, 0, 11.7], "texture": "#3"},
				"south": {"uv": [0.016, 11.75, 0, 11.7], "texture": "#3"},
				"up": {"uv": [0.256, 11.75, 0.208, 11.7], "texture": "#3"},
				"down": {"uv": [0.016, 11.75, 0, 11.7], "texture": "#3"}
			}
		},
		{
			"from": [13.90652, 2.1066, 9.2],
			"to": [13.46732, 1.3746, 6.8],
			"rotation": {"angle": 0, "axis": "y", "origin": [13.97972, 0.057, 8]},
			"faces": {
				"north": {"uv": [0.016, 11.75, 0, 11.7], "texture": "#3"},
				"south": {"uv": [0.016, 11.75, 0, 11.7], "texture": "#3"},
				"west": {"uv": [0.016, 12.85, 0, 12.6], "texture": "#3"},
				"up": {"uv": [0.016, 11.75, 0, 11.7], "texture": "#3"},
				"down": {"uv": [0.096, 11.75, 0.048, 11.7], "texture": "#3"}
			}
		},
		{
			"from": [10.39292, 0.2034, 7.04],
			"to": [12.58892, 3.2778, 8.96],
			"rotation": {"angle": 0, "axis": "y", "origin": [13.97972, 0.057, 8]},
			"faces": {
				"north": {"uv": [2.048, 0.8, 2.528, 2.9], "texture": "#3"},
				"south": {"uv": [2.528, 0.8, 2.048, 2.9], "texture": "#3"},
				"up": {"uv": [2.528, 0.8, 2.048, 0], "texture": "#3"},
				"down": {"uv": [2.528, 3.7, 2.048, 2.9], "texture": "#3"}
			}
		},
		{
			"from": [12.73532, 3.4242, 9.2],
			"to": [10.68572, 0.057, 6.8],
			"rotation": {"angle": 0, "axis": "y", "origin": [13.97972, 0.057, 8]},
			"faces": {
				"north": {"uv": [1.248, 12.85, 1.024, 11.7], "texture": "#3"},
				"east": {"uv": [1.248, 11.7, 1.264, 12.85], "texture": "#3"},
				"south": {"uv": [1.024, 12.85, 1.248, 11.7], "texture": "#3"},
				"west": {"uv": [0.016, 11.75, 0, 11.7], "texture": "#3"},
				"up": {"uv": [0.016, 11.75, 0, 11.7], "texture": "#3"},
				"down": {"uv": [0.016, 11.75, 0, 11.7], "texture": "#3"}
			}
		},
		{
			"from": [10.97852, 0.789, 6.8],
			"to": [12.00332, 2.6922, 9.2],
			"rotation": {"angle": 0, "axis": "y", "origin": [13.97972, 0.057, 8]},
			"faces": {
				"east": {"uv": [0, 11.7, 0.016, 11.75], "texture": "#3"},
				"west": {"uv": [0, 11.7, 0.016, 11.75], "texture": "#3"},
				"up": {"uv": [0.016, 11.75, 0, 11.7], "texture": "#3"},
				"down": {"uv": [0.016, 11.75, 0, 11.7], "texture": "#3"}
			}
		},
		{
			"from": [10.68572, 2.985, 9.2],
			"to": [10.24652, 0.4962, 6.8],
			"rotation": {"angle": 0, "axis": "y", "origin": [13.97972, 0.057, 8]},
			"faces": {
				"north": {"uv": [0, 11.7, 0.016, 11.75], "texture": "#3"},
				"east": {"uv": [0, 11.7, 0.016, 11.75], "texture": "#3"},
				"south": {"uv": [0, 11.7, 0.016, 11.75], "texture": "#3"},
				"up": {"uv": [0, 11.7, 0.016, 11.75], "texture": "#3"},
				"down": {"uv": [0, 11.7, 0.016, 11.75], "texture": "#3"}
			}
		}
	],
	"groups": [
		{
			"name": "the",
			"origin": [30.56, 6.0793, 8],
			"color": 0,
			"children": [
				{
					"name": "t4",
					"origin": [30.56, 6.0793, 8],
					"color": 0,
					"children": [0, 1, 2]
				},
				{
					"name": "h",
					"origin": [30.56, 6.0793, 8],
					"color": 0,
					"children": [3, 4, 5, 6]
				},
				{
					"name": "e4",
					"origin": [30.56, 6.0793, 8],
					"color": 0,
					"children": [7, 8, 9, 10]
				}
			]
		},
		{
			"name": "community",
			"origin": [-2.2, 6.0793, 8],
			"color": 0,
			"children": [
				{
					"name": "c",
					"origin": [-2.2, 6.0793, 8],
					"color": 0,
					"children": [11, 12, 13, 14, 15]
				},
				{
					"name": "o",
					"origin": [-2.2, 6.0793, 8],
					"color": 0,
					"children": [16, 17, 18, 19]
				},
				{
					"name": "m2",
					"origin": [-2.2, 6.0793, 8],
					"color": 0,
					"children": [20, 21, 22, 23, 24, 25]
				},
				{
					"name": "m",
					"origin": [-2.2, 6.0793, 8],
					"color": 0,
					"children": [26, 27, 28, 29, 30, 31]
				},
				{
					"name": "u",
					"origin": [-2.2, 6.0793, 8],
					"color": 0,
					"children": [32, 33, 34, 35]
				},
				{
					"name": "n4",
					"origin": [-2.2, 6.0793, 8],
					"color": 0,
					"children": [36, 37, 38, 39, 40, 41]
				},
				{
					"name": "i6",
					"origin": [-2.2, 6.0793, 8],
					"color": 0,
					"children": [42, 43, 44, 45]
				},
				{
					"name": "t5",
					"origin": [-2.2, 6.0793, 8],
					"color": 0,
					"children": [46, 47, 48]
				},
				{
					"name": "y",
					"origin": [-2.2, 6.0793, 8],
					"color": 0,
					"children": [49, 50, 51, 52, 53, 54]
				}
			]
		},
		{
			"name": "2nd",
			"origin": [18.8, 6.0793, 8],
			"color": 0,
			"children": [
				{
					"name": "2",
					"origin": [18.8, 6.0793, 8],
					"color": 0,
					"children": [55, 56, 57, 58, 59, 60, 61, 62]
				},
				{
					"name": "n",
					"origin": [18.8, 6.0793, 8],
					"color": 0,
					"children": [63, 64, 65, 66, 67, 68]
				},
				{
					"name": "d6",
					"origin": [18.8, 6.0793, 8],
					"color": 0,
					"children": [69, 70, 71, 72]
				}
			]
		}
	]
}