{
  "providers": [
    {
      "type": "bitmap",
      "file": "cla:font/screen/transition/award_goes_to_in/1.png",
      "height": 256,
      "ascent": 128,
      "chars": [
        "\ue001"
      ]
    },
    {
      "type": "bitmap",
      "file": "cla:font/screen/transition/award_goes_to_in/2.png",
      "height": 256,
      "ascent": 128,
      "chars": [
        "\ue002"
      ]
    },
    {
      "type": "bitmap",
      "file": "cla:font/screen/transition/award_goes_to_in/3.png",
      "height": 256,
      "ascent": 128,
      "chars": [
        "\ue003"
      ]
    },
    {
      "type": "bitmap",
      "file": "cla:font/screen/transition/award_goes_to_in/4.png",
      "height": 256,
      "ascent": 128,
      "chars": [
        "\ue004"
      ]
    },
    {
      "type": "bitmap",
      "file": "cla:font/screen/transition/award_goes_to_in/5.png",
      "height": 256,
      "ascent": 128,
      "chars": [
        "\ue005"
      ]
    },
    {
      "type": "bitmap",
      "file": "cla:font/screen/transition/award_goes_to_in/6.png",
      "height": 256,
      "ascent": 128,
      "chars": [
        "\ue006"
      ]
    },
    {
      "type": "bitmap",
      "file": "cla:font/screen/transition/award_goes_to_in/7.png",
      "height": 256,
      "ascent": 128,
      "chars": [
        "\ue007"
      ]
    },
    {
      "type": "bitmap",
      "file": "cla:font/screen/transition/award_goes_to_in/8.png",
      "height": 256,
      "ascent": 128,
      "chars": [
        "\ue008"
      ]
    },
    {
      "type": "bitmap",
      "file": "cla:font/screen/transition/award_goes_to_in/9.png",
      "height": 256,
      "ascent": 128,
      "chars": [
        "\ue009"
      ]
    },
    {
      "type": "bitmap",
      "file": "cla:font/screen/transition/award_goes_to_in/10.png",
      "height": 256,
      "ascent": 128,
      "chars": [
        "\ue010"
      ]
    },
    {
      "type": "bitmap",
      "file": "cla:font/screen/transition/award_goes_to_in/11.png",
      "height": 256,
      "ascent": 128,
      "chars": [
        "\ue011"
      ]
    },
    {
      "type": "bitmap",
      "file": "cla:font/screen/transition/award_goes_to_in/12.png",
      "height": 256,
      "ascent": 128,
      "chars": [
        "\ue012"
      ]
    },
    {
      "type": "bitmap",
      "file": "cla:font/screen/transition/award_goes_to_in/13.png",
      "height": 256,
      "ascent": 128,
      "chars": [
        "\ue013"
      ]
    },
    {
      "type": "bitmap",
      "file": "cla:font/screen/transition/award_goes_to_in/14.png",
      "height": 256,
      "ascent": 128,
      "chars": [
        "\ue014"
      ]
    },
    {
      "type": "bitmap",
      "file": "cla:font/screen/transition/award_goes_to_in/15.png",
      "height": 256,
      "ascent": 128,
      "chars": [
        "\ue015"
      ]
    },
    {
      "type": "bitmap",
      "file": "cla:font/screen/transition/award_goes_to_in/16.png",
      "height": 256,
      "ascent": 128,
      "chars": [
        "\ue016"
      ]
    },
    {
      "type": "bitmap",
      "file": "cla:font/screen/transition/award_goes_to_in/17.png",
      "height": 256,
      "ascent": 128,
      "chars": [
        "\ue017"
      ]
    },
    {
      "type": "bitmap",
      "file": "cla:font/screen/transition/award_goes_to_in/18.png",
      "height": 256,
      "ascent": 128,
      "chars": [
        "\ue018"
      ]
    },
    {
      "type": "bitmap",
      "file": "cla:font/screen/transition/award_goes_to_in/19.png",
      "height": 256,
      "ascent": 128,
      "chars": [
        "\ue019"
      ]
    },
    {
      "type": "bitmap",
      "file": "cla:font/screen/transition/award_goes_to_in/20.png",
      "height": 256,
      "ascent": 128,
      "chars": [
        "\ue020"
      ]
    },
    {
      "type": "bitmap",
      "file": "cla:font/screen/transition/award_goes_to_in/21.png",
      "height": 256,
      "ascent": 128,
      "chars": [
        "\ue021"
      ]
    },
    {
      "type": "bitmap",
      "file": "cla:font/screen/transition/award_goes_to_in/22.png",
      "height": 256,
      "ascent": 128,
      "chars": [
        "\ue022"
      ]
    },
    {
      "type": "bitmap",
      "file": "cla:font/screen/transition/award_goes_to_in/23.png",
      "height": 256,
      "ascent": 128,
      "chars": [
        "\ue023"
      ]
    },
    {
      "type": "bitmap",
      "file": "cla:font/screen/transition/award_goes_to_in/24.png",
      "height": 256,
      "ascent": 128,
      "chars": [
        "\ue024"
      ]
    },
    {
      "type": "bitmap",
      "file": "cla:font/screen/transition/award_goes_to_in/25.png",
      "height": 256,
      "ascent": 128,
      "chars": [
        "\ue025"
      ]
    },
    {
      "type": "bitmap",
      "file": "cla:font/screen/transition/award_goes_to_in/26.png",
      "height": 256,
      "ascent": 128,
      "chars": [
        "\ue026"
      ]
    },
    {
      "type": "bitmap",
      "file": "cla:font/screen/transition/award_goes_to_in/27.png",
      "height": 256,
      "ascent": 128,
      "chars": [
        "\ue027"
      ]
    },
    {
      "type": "bitmap",
      "file": "cla:font/screen/transition/award_goes_to_in/28.png",
      "height": 256,
      "ascent": 128,
      "chars": [
        "\ue028"
      ]
    },
    {
      "type": "bitmap",
      "file": "cla:font/screen/transition/award_goes_to_in/29.png",
      "height": 256,
      "ascent": 128,
      "chars": [
        "\ue029"
      ]
    },
    {
      "type": "bitmap",
      "file": "cla:font/screen/transition/award_goes_to_in/30.png",
      "height": 256,
      "ascent": 128,
      "chars": [
        "\ue030"
      ]
    },
    {
      "type": "bitmap",
      "file": "cla:font/screen/transition/award_goes_to_in/31.png",
      "height": 256,
      "ascent": 128,
      "chars": [
        "\ue031"
      ]
    },
    {
      "type": "bitmap",
      "file": "cla:font/screen/transition/award_goes_to_in/32.png",
      "height": 256,
      "ascent": 128,
      "chars": [
        "\ue032"
      ]
    },
    {
      "type": "bitmap",
      "file": "cla:font/screen/transition/award_goes_to_in/33.png",
      "height": 256,
      "ascent": 128,
      "chars": [
        "\ue033"
      ]
    },
    {
      "type": "bitmap",
      "file": "cla:font/screen/transition/award_goes_to_in/34.png",
      "height": 256,
      "ascent": 128,
      "chars": [
        "\ue034"
      ]
    },
    {
      "type": "bitmap",
      "file": "cla:font/screen/transition/award_goes_to_in/35.png",
      "height": 256,
      "ascent": 128,
      "chars": [
        "\ue035"
      ]
    },
    {
      "type": "bitmap",
      "file": "cla:font/screen/transition/award_goes_to_in/36.png",
      "height": 256,
      "ascent": 128,
      "chars": [
        "\ue036"
      ]
    },
    {
      "type": "bitmap",
      "file": "cla:font/screen/transition/award_goes_to_in/37.png",
      "height": 256,
      "ascent": 128,
      "chars": [
        "\ue037"
      ]
    },
    {
      "type": "bitmap",
      "file": "cla:font/screen/transition/award_goes_to_in/38.png",
      "height": 256,
      "ascent": 128,
      "chars": [
        "\ue038"
      ]
    },
    {
      "type": "bitmap",
      "file": "cla:font/screen/transition/award_goes_to_in/39.png",
      "height": 256,
      "ascent": 128,
      "chars": [
        "\ue039"
      ]
    },
    {
      "type": "bitmap",
      "file": "cla:font/screen/transition/award_goes_to_in/40.png",
      "height": 256,
      "ascent": 128,
      "chars": [
        "\ue040"
      ]
    }
  ]
}
