{
	"format_version": "1.21.6",
	"credit": "Made with Blockbench",
	"texture_size": [128, 128],
	"textures": {
		"0": "cla:block/table",
		"particle": "cla:block/table"
	},
	"elements": [
		{
			"from": [3, 0, 3],
			"to": [13, 2, 13],
			"rotation": {"angle": 0, "axis": "y", "origin": [7, 0, 7]},
			"faces": {
				"north": {"uv": [7, 7.75, 8.25, 8], "texture": "#0"},
				"east": {"uv": [7, 8, 8.25, 8.25], "texture": "#0"},
				"south": {"uv": [7, 8.25, 8.25, 8.5], "texture": "#0"},
				"west": {"uv": [8.25, 7.75, 9.5, 8], "texture": "#0"},
				"up": {"uv": [7.25, 7.75, 6, 6.5], "texture": "#0"},
				"down": {"uv": [8.5, 6.5, 7.25, 7.75], "texture": "#0"}
			}
		},
		{
			"from": [7, 2, 7],
			"to": [9, 14, 9],
			"rotation": {"angle": 0, "axis": "y", "origin": [7, 2, 7]},
			"faces": {
				"north": {"uv": [6, 7.75, 6.25, 9.25], "texture": "#0"},
				"east": {"uv": [6.25, 7.75, 6.5, 9.25], "texture": "#0"},
				"south": {"uv": [6.5, 7.75, 6.75, 9.25], "texture": "#0"},
				"west": {"uv": [6.75, 7.75, 7, 9.25], "texture": "#0"},
				"up": {"uv": [8.5, 8.25, 8.25, 8], "texture": "#0"},
				"down": {"uv": [8.5, 8.25, 8.25, 8.5], "texture": "#0"}
			}
		},
		{
			"from": [-16, 2, -16],
			"to": [32, 15, 32],
			"rotation": {"angle": 0, "axis": "y", "origin": [7, 14, 7]},
			"faces": {
				"north": {"uv": [6, 0, 12, 1.625], "texture": "#0"},
				"east": {"uv": [6, 1.625, 12, 3.25], "texture": "#0"},
				"south": {"uv": [6, 3.25, 12, 4.875], "texture": "#0"},
				"west": {"uv": [6, 4.875, 12, 6.5], "texture": "#0"},
				"up": {"uv": [6, 6, 0, 0], "texture": "#0"},
				"down": {"uv": [6, 6, 0, 12], "texture": "#0"}
			}
		}
	]
}