{
	"format_version": "1.21.6",
	"credit": "Made with Blockbench",
	"ambientocclusion": false,
	"textures": {
		"0": "cla:block/velvet_stanchion_rope_0",
		"particle": "cla:block/velvet_stanchion_rope_0"
	},
	"elements": [
		{
			"from": [8, 12, 5],
			"to": [8, 14, 7],
			"rotation": {"angle": 0, "axis": "y", "origin": [7, 2, 0]},
			"faces": {
				"north": {"uv": [0, 0, 8, 10], "texture": "#0"},
				"east": {"uv": [7, 1, 5, 3], "texture": "#0"},
				"south": {"uv": [0, 0, 8, 10], "texture": "#0"},
				"west": {"uv": [5, 1, 7, 3], "texture": "#0"},
				"up": {"uv": [0, 0, 8, 10], "texture": "#0"},
				"down": {"uv": [0, 0, 8, 10], "texture": "#0"}
			}
		},
		{
			"from": [8, 10, 0],
			"to": [8, 12, 2],
			"rotation": {"angle": 0, "axis": "y", "origin": [7, 0, -5]},
			"faces": {
				"north": {"uv": [0, 0, 8, 10], "texture": "#0"},
				"east": {"uv": [2, 3, 0, 5], "texture": "#0"},
				"south": {"uv": [0, 0, 8, 10], "texture": "#0"},
				"west": {"uv": [0, 3, 2, 5], "texture": "#0"},
				"up": {"uv": [0, 0, 8, 10], "texture": "#0"},
				"down": {"uv": [0, 0, 8, 10], "texture": "#0"}
			}
		},
		{
			"from": [8, 11, 2],
			"to": [8, 13, 5],
			"rotation": {"angle": 0, "axis": "y", "origin": [7, 1, -2]},
			"faces": {
				"north": {"uv": [0, 0, 8, 10], "texture": "#0"},
				"east": {"uv": [5, 2, 2, 4], "texture": "#0"},
				"south": {"uv": [0, 0, 8, 10], "texture": "#0"},
				"west": {"uv": [2, 2, 5, 4], "texture": "#0"},
				"up": {"uv": [0, 0, 8, 10], "texture": "#0"},
				"down": {"uv": [0, 0, 8, 10], "texture": "#0"}
			}
		}
	]
}