{
	"format_version": "1.21.6",
	"credit": "Made with Blockbench",
	"ambientocclusion": false,
	"textures": {
		"0": "cla:block/velvet_stanchion_post",
		"particle": "cla:block/velvet_stanchion_post"
	},
	"elements": [
		{
			"from": [6, 0, 6],
			"to": [10, 1, 10],
			"rotation": {"angle": 0, "axis": "y", "origin": [7, 0, 7]},
			"faces": {
				"north": {"uv": [8, 8, 12, 9], "texture": "#0"},
				"east": {"uv": [8, 9, 12, 10], "texture": "#0"},
				"south": {"uv": [8, 10, 12, 11], "texture": "#0"},
				"west": {"uv": [8, 11, 12, 12], "texture": "#0"},
				"up": {"uv": [12, 4, 8, 0], "texture": "#0"},
				"down": {"uv": [12, 4, 8, 8], "texture": "#0"}
			}
		},
		{
			"from": [6, 16, 6],
			"to": [10, 17, 10],
			"rotation": {"angle": 0, "axis": "y", "origin": [7, 16, 7]},
			"faces": {
				"north": {"uv": [8, 8, 12, 9], "texture": "#0"},
				"east": {"uv": [8, 9, 12, 10], "texture": "#0"},
				"south": {"uv": [8, 10, 12, 11], "texture": "#0"},
				"west": {"uv": [8, 11, 12, 12], "texture": "#0"},
				"up": {"uv": [12, 4, 8, 0], "texture": "#0"},
				"down": {"uv": [12, 4, 8, 8], "texture": "#0"}
			}
		},
		{
			"from": [7, 1, 7],
			"to": [9, 16, 9],
			"rotation": {"angle": 0, "axis": "y", "origin": [7, 15, 7]},
			"faces": {
				"north": {"uv": [0, 0, 2, 15], "texture": "#0"},
				"east": {"uv": [2, 0, 4, 15], "texture": "#0"},
				"south": {"uv": [4, 0, 6, 15], "texture": "#0"},
				"west": {"uv": [6, 0, 8, 15], "texture": "#0"},
				"up": {"uv": [14, 2, 12, 0], "texture": "#0"},
				"down": {"uv": [14, 2, 12, 4], "texture": "#0"}
			}
		}
	]
}