{
	"format_version": "1.21.11",
	"credit": "Made with Blockbench",
	"ambientocclusion": false,
	"texture_size": [32, 32],
	"textures": {
		"0": "cla:item/amethyst_reef",
		"1": "cla:item/amethyst_reef_face",
		"particle": "cla:item/amethyst_reef"
	},
	"elements": [
		{
			"from": [-1, 0, -1],
			"to": [17, 2, 17],
			"shade": false,
			"light_emission": 15,
			"rotation": {"angle": -45, "axis": "y", "origin": [8, 1, 8]},
			"faces": {
				"north": {"uv": [5, 10.5, 9.5, 11], "texture": "#0"},
				"east": {"uv": [9.5, 10.5, 14, 11], "texture": "#0"},
				"south": {"uv": [11, 2.5, 15.5, 3], "texture": "#0"},
				"west": {"uv": [11, 3, 15.5, 3.5], "texture": "#0"},
				"up": {"uv": [4.5, 4.5, 0, 0], "texture": "#0"},
				"down": {"uv": [4.5, 4.5, 0, 9], "texture": "#0"}
			}
		},
		{
			"from": [0, -0.001, 0],
			"to": [16, 0.999, 16],
			"shade": false,
			"light_emission": 15,
			"rotation": {"angle": 0, "axis": "y", "origin": [8, -0.05, 8]},
			"faces": {
				"north": {"uv": [11, 3.5, 15, 3.75], "texture": "#0"},
				"east": {"uv": [11, 3.75, 15, 4], "texture": "#0"},
				"south": {"uv": [11, 4, 15, 4.25], "texture": "#0"},
				"west": {"uv": [11, 4.25, 15, 4.5], "texture": "#0"},
				"up": {"uv": [8.5, 4, 4.5, 0], "texture": "#0"},
				"down": {"uv": [8.5, 4, 4.5, 8], "texture": "#0"}
			}
		},
		{
			"from": [3, 3, -0.25],
			"to": [13, 13, 15.75],
			"shade": false,
			"light_emission": 15,
			"rotation": {"angle": 7.5, "axis": "x", "origin": [8, 8, 7.75]},
			"faces": {
				"north": {"uv": [0, 9, 2.5, 11.5], "texture": "#0"},
				"east": {"uv": [4.5, 8, 8.5, 10.5], "texture": "#0"},
				"south": {"uv": [2.5, 10.5, 5, 13], "texture": "#0"},
				"west": {"uv": [8.5, 0, 12.5, 2.5], "texture": "#0"},
				"up": {"uv": [11, 6.5, 8.5, 2.5], "texture": "#0"},
				"down": {"uv": [11, 6.5, 8.5, 10.5], "texture": "#0"}
			}
		},
		{
			"from": [3, 3, -0.5],
			"to": [13, 13, -0.5],
			"shade": false,
			"light_emission": 15,
			"rotation": {"angle": 7.5, "axis": "x", "origin": [8, 8, 7.75]},
			"faces": {
				"north": {"uv": [0, 0, 10, 10], "texture": "#1"},
				"east": {"uv": [0, 0, 0, 5], "texture": "#1"},
				"south": {"uv": [0, 0, 10, 10], "texture": "#1"},
				"west": {"uv": [0, 0, 0, 5], "texture": "#1"},
				"up": {"uv": [5, 0, 0, 0], "texture": "#1"},
				"down": {"uv": [5, 0, 0, 0], "texture": "#1"}
			}
		},
		{
			"from": [10, 2, 0.75],
			"to": [12, 4, 1.75],
			"shade": false,
			"light_emission": 15,
			"rotation": {"angle": 0, "axis": "y", "origin": [0, 2, -6.25]},
			"faces": {
				"north": {"uv": [4, 9, 4.5, 9.5], "texture": "#0"},
				"east": {"uv": [11, 5.75, 11.25, 6.25], "texture": "#0"},
				"south": {"uv": [4, 9.5, 4.5, 10], "texture": "#0"},
				"west": {"uv": [6.25, 11, 6.5, 11.5], "texture": "#0"},
				"up": {"uv": [11.5, 6.5, 11, 6.25], "texture": "#0"},
				"down": {"uv": [7, 11, 6.5, 11.25], "texture": "#0"}
			}
		},
		{
			"from": [4, 2, 0.75],
			"to": [6, 4, 1.75],
			"shade": false,
			"light_emission": 15,
			"rotation": {"angle": 0, "axis": "y", "origin": [-6, 2, -6.25]},
			"faces": {
				"north": {"uv": [2.5, 10, 3, 10.5], "texture": "#0"},
				"east": {"uv": [11, 6.5, 11.25, 7], "texture": "#0"},
				"south": {"uv": [3, 10, 3.5, 10.5], "texture": "#0"},
				"west": {"uv": [7, 11, 7.25, 11.5], "texture": "#0"},
				"up": {"uv": [11.5, 7.25, 11, 7], "texture": "#0"},
				"down": {"uv": [7.75, 11, 7.25, 11.25], "texture": "#0"}
			}
		},
		{
			"from": [1.5, 2.25, 11.75],
			"to": [3.5, 3.25, 13.75],
			"shade": false,
			"light_emission": 15,
			"rotation": {"angle": 17.5, "axis": "z", "origin": [2.5, 2.75, 12.75]},
			"faces": {
				"north": {"uv": [11, 7.25, 11.5, 7.5], "texture": "#0"},
				"east": {"uv": [11, 7.5, 11.5, 7.75], "texture": "#0"},
				"south": {"uv": [7.75, 11, 8.25, 11.25], "texture": "#0"},
				"west": {"uv": [11, 7.75, 11.5, 8], "texture": "#0"},
				"up": {"uv": [4, 10.5, 3.5, 10], "texture": "#0"},
				"down": {"uv": [4.5, 10, 4, 10.5], "texture": "#0"}
			}
		},
		{
			"from": [12.5, 2.25, 11.75],
			"to": [14.5, 3.25, 13.75],
			"shade": false,
			"light_emission": 15,
			"rotation": {"angle": -17.5, "axis": "z", "origin": [13.5, 2.75, 12.75]},
			"faces": {
				"north": {"uv": [11, 8, 11.5, 8.25], "texture": "#0"},
				"east": {"uv": [8.25, 11, 8.75, 11.25], "texture": "#0"},
				"south": {"uv": [11, 8.25, 11.5, 8.5], "texture": "#0"},
				"west": {"uv": [11, 8.5, 11.5, 8.75], "texture": "#0"},
				"up": {"uv": [11.5, 5, 11, 4.5], "texture": "#0"},
				"down": {"uv": [5.5, 11, 5, 11.5], "texture": "#0"}
			}
		},
		{
			"from": [9, 13.75, 0.75],
			"to": [12, 15.75, 1.75],
			"shade": false,
			"light_emission": 15,
			"rotation": {"angle": 0, "axis": "y", "origin": [10.5, 14.75, 1.25]},
			"faces": {
				"north": {"uv": [2.5, 9, 3.25, 9.5], "texture": "#0"},
				"east": {"uv": [8.75, 11, 9, 11.5], "texture": "#0"},
				"south": {"uv": [3.25, 9, 4, 9.5], "texture": "#0"},
				"west": {"uv": [11, 8.75, 11.25, 9.25], "texture": "#0"},
				"up": {"uv": [11.75, 5.25, 11, 5], "texture": "#0"},
				"down": {"uv": [11.75, 5.25, 11, 5.5], "texture": "#0"}
			}
		},
		{
			"from": [4, 13.75, 0.75],
			"to": [7, 15.75, 1.75],
			"shade": false,
			"light_emission": 15,
			"rotation": {"angle": 0, "axis": "y", "origin": [5.5, 14.75, 1.25]},
			"faces": {
				"north": {"uv": [2.5, 9.5, 3.25, 10], "texture": "#0"},
				"east": {"uv": [9, 11, 9.25, 11.5], "texture": "#0"},
				"south": {"uv": [3.25, 9.5, 4, 10], "texture": "#0"},
				"west": {"uv": [9.25, 11, 9.5, 11.5], "texture": "#0"},
				"up": {"uv": [6.25, 11.25, 5.5, 11], "texture": "#0"},
				"down": {"uv": [11.75, 5.5, 11, 5.75], "texture": "#0"}
			}
		},
		{
			"name": "cube_outline",
			"from": [13.2, 13.2, 15.95],
			"to": [2.8, 2.8, -0.45],
			"shade": false,
			"light_emission": 15,
			"rotation": {"angle": 7.5, "axis": "x", "origin": [8, 8, 7.75]},
			"faces": {
				"north": {"uv": [15.75, 0, 16, 0.25], "rotation": 180, "texture": "#0"},
				"east": {"uv": [15.75, 0, 16, 0.25], "rotation": 180, "texture": "#0"},
				"south": {"uv": [15.75, 0, 16, 0.25], "rotation": 180, "texture": "#0"},
				"west": {"uv": [15.75, 0, 16, 0.25], "rotation": 180, "texture": "#0"},
				"up": {"uv": [15.75, 0, 16, 0.25], "rotation": 180, "texture": "#0"},
				"down": {"uv": [15.75, 0, 16, 0.25], "rotation": 180, "texture": "#0"}
			}
		},
		{
			"name": "cube_outline",
			"from": [12.2, 4.2, 1.95],
			"to": [9.8, 1.8, 0.55],
			"shade": false,
			"light_emission": 15,
			"rotation": {"angle": 0, "axis": "y", "origin": [0, 2, -6.25]},
			"faces": {
				"north": {"uv": [15.75, 0, 16, 0.25], "rotation": 180, "texture": "#0"},
				"east": {"uv": [15.75, 0, 16, 0.25], "rotation": 180, "texture": "#0"},
				"south": {"uv": [15.75, 0, 16, 0.25], "rotation": 180, "texture": "#0"},
				"west": {"uv": [15.75, 0, 16, 0.25], "rotation": 180, "texture": "#0"},
				"up": {"uv": [15.75, 0, 16, 0.25], "rotation": 180, "texture": "#0"},
				"down": {"uv": [15.75, 0, 16, 0.25], "rotation": 180, "texture": "#0"}
			}
		},
		{
			"name": "cube_outline",
			"from": [6.2, 4.2, 1.95],
			"to": [3.8, 1.8, 0.55],
			"shade": false,
			"light_emission": 15,
			"rotation": {"angle": 0, "axis": "y", "origin": [-6, 2, -6.25]},
			"faces": {
				"north": {"uv": [15.75, 0, 16, 0.25], "rotation": 180, "texture": "#0"},
				"east": {"uv": [15.75, 0, 16, 0.25], "rotation": 180, "texture": "#0"},
				"south": {"uv": [15.75, 0, 16, 0.25], "rotation": 180, "texture": "#0"},
				"west": {"uv": [15.75, 0, 16, 0.25], "rotation": 180, "texture": "#0"},
				"up": {"uv": [15.75, 0, 16, 0.25], "rotation": 180, "texture": "#0"},
				"down": {"uv": [15.75, 0, 16, 0.25], "rotation": 180, "texture": "#0"}
			}
		},
		{
			"name": "cube_outline",
			"from": [3.7, 3.45, 13.95],
			"to": [1.3, 2.05, 11.55],
			"shade": false,
			"light_emission": 15,
			"rotation": {"angle": 17.5, "axis": "z", "origin": [2.5, 2.75, 12.75]},
			"faces": {
				"north": {"uv": [15.75, 0, 16, 0.25], "rotation": 180, "texture": "#0"},
				"east": {"uv": [15.75, 0, 16, 0.25], "rotation": 180, "texture": "#0"},
				"south": {"uv": [15.75, 0, 16, 0.25], "rotation": 180, "texture": "#0"},
				"west": {"uv": [15.75, 0, 16, 0.25], "rotation": 180, "texture": "#0"},
				"up": {"uv": [15.75, 0, 16, 0.25], "rotation": 180, "texture": "#0"},
				"down": {"uv": [15.75, 0, 16, 0.25], "rotation": 180, "texture": "#0"}
			}
		},
		{
			"name": "cube_outline",
			"from": [14.7, 3.45, 13.95],
			"to": [12.3, 2.05, 11.55],
			"shade": false,
			"light_emission": 15,
			"rotation": {"angle": -17.5, "axis": "z", "origin": [13.5, 2.75, 12.75]},
			"faces": {
				"north": {"uv": [15.75, 0, 16, 0.25], "rotation": 180, "texture": "#0"},
				"east": {"uv": [15.75, 0, 16, 0.25], "rotation": 180, "texture": "#0"},
				"south": {"uv": [15.75, 0, 16, 0.25], "rotation": 180, "texture": "#0"},
				"west": {"uv": [15.75, 0, 16, 0.25], "rotation": 180, "texture": "#0"},
				"up": {"uv": [15.75, 0, 16, 0.25], "rotation": 180, "texture": "#0"},
				"down": {"uv": [15.75, 0, 16, 0.25], "rotation": 180, "texture": "#0"}
			}
		},
		{
			"name": "cube_outline",
			"from": [12.2, 15.95, 1.95],
			"to": [8.8, 13.55, 0.55],
			"shade": false,
			"light_emission": 15,
			"rotation": {"angle": 0, "axis": "y", "origin": [10.5, 14.75, 1.25]},
			"faces": {
				"north": {"uv": [15.75, 0, 16, 0.25], "rotation": 180, "texture": "#0"},
				"east": {"uv": [15.75, 0, 16, 0.25], "rotation": 180, "texture": "#0"},
				"south": {"uv": [15.75, 0, 16, 0.25], "rotation": 180, "texture": "#0"},
				"west": {"uv": [15.75, 0, 16, 0.25], "rotation": 180, "texture": "#0"},
				"up": {"uv": [15.75, 0, 16, 0.25], "rotation": 180, "texture": "#0"},
				"down": {"uv": [15.75, 0, 16, 0.25], "rotation": 180, "texture": "#0"}
			}
		},
		{
			"name": "cube_outline",
			"from": [7.2, 15.95, 1.95],
			"to": [3.8, 13.55, 0.55],
			"shade": false,
			"light_emission": 15,
			"rotation": {"angle": 0, "axis": "y", "origin": [5.5, 14.75, 1.25]},
			"faces": {
				"north": {"uv": [15.75, 0, 16, 0.25], "rotation": 180, "texture": "#0"},
				"east": {"uv": [15.75, 0, 16, 0.25], "rotation": 180, "texture": "#0"},
				"south": {"uv": [15.75, 0, 16, 0.25], "rotation": 180, "texture": "#0"},
				"west": {"uv": [15.75, 0, 16, 0.25], "rotation": 180, "texture": "#0"},
				"up": {"uv": [15.75, 0, 16, 0.25], "rotation": 180, "texture": "#0"},
				"down": {"uv": [15.75, 0, 16, 0.25], "rotation": 180, "texture": "#0"}
			}
		}
	],
	"display": {
		"thirdperson_righthand": {
			"rotation": [75.94, 41.75, 0.9],
			"translation": [0.25, 5, 1.5],
			"scale": [0.6, 0.6, 0.6]
		},
		"thirdperson_lefthand": {
			"rotation": [75.94, 41.75, 0.9],
			"translation": [0.25, 5, 1.5],
			"scale": [0.6, 0.6, 0.6]
		},
		"firstperson_righthand": {
			"rotation": [-180, 56.75, -180],
			"translation": [8.25, 0, -23.25]
		},
		"firstperson_lefthand": {
			"rotation": [-180, 56.75, -180],
			"translation": [8.25, 0, -23.25]
		},
		"ground": {
			"scale": [0.8, 0.8, 0.8]
		},
		"gui": {
			"rotation": [-164, -45, -180],
			"translation": [0, 1.25, 0],
			"scale": [0.65, 0.65, 0.65]
		},
		"head": {
			"translation": [0, 13.5, 0]
		},
		"fixed": {
			"translation": [0, 0, -2]
		},
		"on_shelf": {
			"rotation": [-180, 0, -180]
		}
	},
	"groups": [
		0,
		1,
		{
			"name": "reef",
			"origin": [8, 8, 8.25],
			"color": 0,
			"children": [2, 3, 4, 5, 6, 7, 8, 9]
		},
		{
			"name": "group",
			"origin": [8, 8, 7.75],
			"color": 0,
			"children": [10, 11, 12, 13, 14, 15, 16]
		}
	]
}